question_id,total_patients,avg_raw_score,avg_max_score,avg_normalized_score,avg_improvement_potential,unique_responses,most_common_response,response_distribution
1.01,50,0.0,0.0,0.0,0.0,7,Restorative Sleep,"{'Restorative Sleep': 15, 'Stress Management': 9, 'Healthful Nutrition': 2, 'Healthful Nutrition|Movement and Exercise|Restorative Sleep': 2, 'Healthful Nutrition|Restorative Sleep': 2, 'Healthful Nut..."
1.02,50,0.0,0.0,0.0,0.0,8,Healthful Nutrition,"{'Healthful Nutrition': 11, 'Stress Management': 7, 'Healthful Nutrition|Stress Management': 3, 'Movement and Exercise|Stress Management': 2, 'Restorative Sleep': 2, 'Healthful Nutrition|Movement and ..."
1.03,50,0.0,0.0,0.0,0.0,16,Stress Management,"{'Stress Management': 10, 'Restorative Sleep': 6, 'Restorative Sleep|Healthful Nutrition': 6, 'Stress Management|Healthful Nutrition': 4, 'Healthful Nutrition': 3, 'Restorative Sleep|Healthful Nutriti..."
1.04,50,0.0,0.0,0.0,0.0,2,General well-being,"{'General well-being': 38, 'Reduce stress': 12}"
1.05,50,0.0,0.0,0.0,0.0,2,Support group,"{'Support group': 34, 'Apps': 16}"
1.06,50,0.0,0.0,0.0,0.0,8,I want to maintain my current good health to support my longevity.,"{'I want to maintain my current good health to support my longevity.': 17, 'I want to sleep better to support my longevity.': 15, 'I want to manage my stress to support my longevity.': 9, 'I want to i..."
10.01,50,0.6560000000000001,8.0,0.08200000000000002,2.752,14,2025-06-24,"{'2025-06-24': 8, '2024-12-26': 5, '2024-09-27': 4, '2024-05-30': 4, '2025-03-26': 4, '2024-11-26': 4, '2025-02-24': 4, '2024-04-30': 4, '2025-01-25': 4, '2025-04-25': 3, '2025-05-25': 3, '2024-07-29'..."
10.02,50,0.7040000000000001,7.0,0.10057142857142859,2.072,22,2024-04-30,"{'2024-04-30': 7, '2025-04-25': 6, '2025-02-24': 5, '2024-05-30': 3, '2024-08-28': 3, '2024-06-29': 3, '2025-03-26': 2, '2024-11-26': 2, '2023-10-03': 2, '2023-11-02': 2, '2023-06-05': 2, '2023-03-07'..."
10.03,50,0.752,5.0,0.1504,1.24,22,2025-03-26,"{'2025-03-26': 5, '2023-03-07': 4, '2024-08-28': 4, '2024-12-26': 3, '2025-01-25': 3, '2024-06-29': 3, '2024-10-27': 3, '2024-05-30': 3, '2024-11-26': 3, '2025-05-25': 3, '2023-01-06': 2, '2025-02-24'..."
10.04,50,0.52,10.0,0.052000000000000005,4.8,18,2023-06-25,"{'2023-06-25': 7, '2022-06-25': 4, '2020-06-25': 3, '2009-06-28': 2, '2000-06-30': 2, '2024-06-24': 2, '2012-06-27': 2, '2005-06-29': 2, '2007-06-29': 2, '2025-06-24': 2, '2018-06-26': 1, '2017-06-26'..."
10.05,50,0.37200000000000005,10.0,0.037200000000000004,6.28,19,2024-07-29,"{'2024-07-29': 3, '2024-09-27': 3, '2024-08-28': 2, '2023-11-02': 2, '2024-12-26': 2, '2023-09-03': 2, '2025-02-24': 2, '2024-10-27': 2, '2023-04-06': 1, '2023-07-05': 1, '2023-12-02': 1, '2023-01-06'..."
10.06,50,0.41999999999999993,10.0,0.042,5.8,25,2022-07-10,"{'2022-07-10': 2, '2025-03-26': 2, '2025-04-25': 2, '2022-03-12': 2, '2020-12-17': 1, '2024-06-29': 1, '2022-09-08': 1, '2023-07-05': 1, '2019-10-24': 1, '2019-04-27': 1, '2023-04-06': 1, '2018-05-02'..."
10.07,50,0.0,0.0,0.0,0.0,14,2025-04-25,"{'2025-04-25': 7, '2025-03-26': 6, '2024-04-30': 6, '2025-01-25': 5, '2024-12-26': 4, '2024-05-30': 4, '2024-09-27': 3, '2025-06-24': 3, '2024-06-29': 3, '2024-03-31': 2, '2024-07-29': 2, '2024-08-28'..."
10.08,50,0.284,10.0,0.028399999999999998,7.16,16,2023-05-06,"{'2023-05-06': 3, '2021-10-13': 2, '2024-10-27': 2, '2022-04-11': 2, '2021-11-12': 1, '2018-11-28': 1, '2024-04-30': 1, '2023-02-05': 1, '2018-07-01': 1, '2024-06-29': 1, '2019-01-27': 1, '2020-11-17'..."
10.09,50,0.52,8.0,0.065,3.8400000000000007,2,No,"{'No': 30, 'Yes': 20}"
10.10,50,0.552,5.0,0.11040000000000001,2.24,2,No,"{'No': 28, 'Yes': 22}"
10.11,50,0.5680000000000001,10.0,0.0568,4.32,2,No,"{'No': 27, 'Yes': 23}"
10.12,50,0.0,0.0,0.0,0.0,26,Metformin 500mg,"{'Metformin 500mg': 3, 'Atorvastatin 20mg': 2, 'Vitamin D3, Atorvastatin 20mg, Metformin 500mg': 2, 'Omeprazole 20mg': 2, 'Metformin 500mg, Levothyroxine 50mcg': 2, 'Lisinopril 10mg': 2, 'Levothyroxin..."
10.13,50,0.6639999999999999,10.0,0.0664,3.36,4,More than half the days,"{'More than half the days': 20, 'Not at all': 19, 'Several days': 10, 'Nearly every day': 1}"
10.14,50,0.596,10.0,0.0596,4.04,4,More than half the days,"{'More than half the days': 21, 'Not at all': 14, 'Several days': 11, 'Nearly every day': 4}"
10.15,50,0.5880000000000001,10.0,0.0588,4.12,4,More than half the days,"{'More than half the days': 17, 'Not at all': 14, 'Several days': 12, 'Nearly every day': 7}"
10.16,50,0.584,10.0,0.0584,4.16,4,More than half the days,"{'More than half the days': 22, 'Not at all': 15, 'Several days': 7, 'Nearly every day': 6}"
10.17,50,0.0,0.0,0.0,0.0,7,Strongly agree,"{'Strongly agree': 15, 'Slightly disagree': 9, 'Agree': 7, 'Strongly disagree': 6, 'Neither agree nor disagree': 6, 'Disagree': 4, 'Slightly agree': 3}"
10.18,50,0.0,0.0,0.0,0.0,7,Agree,"{'Agree': 13, 'Strongly agree': 13, 'Slightly disagree': 6, 'Strongly disagree': 6, 'Disagree': 4, 'Slightly agree': 4, 'Neither agree nor disagree': 4}"
10.19,50,0.0,0.0,0.0,0.0,7,Strongly agree,"{'Strongly agree': 18, 'Agree': 11, 'Disagree': 7, 'Neither agree nor disagree': 6, 'Slightly agree': 5, 'Slightly disagree': 2, 'Strongly disagree': 1}"
10.20,50,0.0,0.0,0.0,0.0,7,Strongly agree,"{'Strongly agree': 14, 'Agree': 12, 'Neither agree nor disagree': 6, 'Slightly disagree': 6, 'Strongly disagree': 6, 'Disagree': 4, 'Slightly agree': 2}"
10.21,50,0.0,0.0,0.0,0.0,7,Agree,"{'Agree': 15, 'Strongly agree': 13, 'Disagree': 7, 'Slightly agree': 7, 'Neither agree nor disagree': 4, 'Strongly disagree': 2, 'Slightly disagree': 2}"
10.22,50,0.0,0.0,0.0,0.0,2,Yes,"{'Yes': 25, 'No': 25}"
10.23,50,0.0,0.0,0.0,0.0,2,No,"{'No': 32, 'Yes': 18}"
10.24,50,0.0,0.0,0.0,0.0,2,Yes,"{'Yes': 29, 'No': 21}"
10.25,50,0.0,0.0,0.0,0.0,2,Yes,"{'Yes': 28, 'No': 22}"
10.26,50,0.0,0.0,0.0,0.0,4,Moderate chance of nodding off,"{'Moderate chance of nodding off': 17, 'Would never nod off': 14, 'Slight chance of nodding off': 13, 'High chance of nodding off': 6}"
10.27,50,0.0,0.0,0.0,0.0,4,Moderate chance of nodding off,"{'Moderate chance of nodding off': 21, 'Would never nod off': 13, 'Slight chance of nodding off': 9, 'High chance of nodding off': 7}"
10.28,50,0.0,0.0,0.0,0.0,4,Moderate chance of nodding off,"{'Moderate chance of nodding off': 19, 'Slight chance of nodding off': 13, 'Would never nod off': 11, 'High chance of nodding off': 7}"
10.29,50,0.0,0.0,0.0,0.0,4,Moderate chance of nodding off,"{'Moderate chance of nodding off': 21, 'Would never nod off': 12, 'Slight chance of nodding off': 12, 'High chance of nodding off': 5}"
10.30,50,0.0,0.0,0.0,0.0,4,Moderate chance of nodding off,"{'Moderate chance of nodding off': 22, 'Would never nod off': 16, 'Slight chance of nodding off': 7, 'High chance of nodding off': 5}"
10.31,50,0.0,0.0,0.0,0.0,4,Moderate chance of nodding off,"{'Moderate chance of nodding off': 20, 'Slight chance of nodding off': 14, 'Would never nod off': 14, 'High chance of nodding off': 2}"
10.32,50,0.0,0.0,0.0,0.0,4,High chance of nodding off,"{'High chance of nodding off': 14, 'Would never nod off': 14, 'Moderate chance of nodding off': 12, 'Slight chance of nodding off': 10}"
10.33,50,0.0,0.0,0.0,0.0,4,Moderate chance of nodding off,"{'Moderate chance of nodding off': 24, 'Would never nod off': 12, 'Slight chance of nodding off': 8, 'High chance of nodding off': 6}"
2.01,50,0.0,0.0,0.0,0.0,3,Moderately healthy,"{'Moderately healthy': 25, 'Very healthy': 17, 'Unhealthy': 8}"
2.02,50,0.0,0.0,0.0,0.0,8,No Restrictions,"{'No Restrictions': 39, 'Vegetarian (no meat, may include dairy/eggs)': 5, 'Vegetarian (no meat, may include dairy/eggs)|Low-carb-Keto': 1, 'Pescatarian (includes fish, no other meat)': 1, 'Vegan (no ..."
2.03,50,0.6799999999999997,6.0,0.11333333333333336,1.9199999999999997,4,3,"{'3': 20, '4 or more': 13, '2': 10, '≤1': 7}"
2.04,50,0.0,0.0,0.0,0.0,5,Maybe - need more information,"{'Maybe - need more information': 6, 'Not now, but maybe in the future': 5, 'Yes - actively working on it': 3, 'Yes - open to trying': 2, 'No': 1}"
2.05,50,0.38,2.0,0.19,1.24,4,3,"{'3': 20, '2': 14, '4 or more': 13, '≤1': 3}"
2.06,50,0.0,0.0,0.0,0.0,5,No,"{'No': 10, 'Yes - actively working on it': 7, 'Maybe - need more information': 7, 'Yes - open to trying': 5, 'Not now, but maybe in the future': 4}"
2.07,50,0.6539999999999999,4.0,0.16349999999999998,1.3840000000000001,4,Several times a week,"{'Several times a week': 21, 'Rarely': 15, 'Once a week': 13, 'Daily': 1}"
2.08,50,0.0,0.0,0.0,0.0,5,Maybe - need more information,"{'Maybe - need more information': 8, 'Not now, but maybe in the future': 4, 'Yes - open to trying': 4, 'Yes - actively working on it': 3, 'No': 3}"
2.09,50,0.564,1.0,0.564,0.4360000000000001,3,No,"{'No': 22, 'Yes': 14, ""No, but I'm Generally Aware"": 14}"
2.10,50,0.0,0.0,0.0,0.0,5,Yes - open to trying,"{'Yes - open to trying': 12, 'Yes - actively working on it': 8, 'No': 6, 'Not now, but maybe in the future': 5, 'Maybe - need more information': 5}"
2.11,50,0.9919999999999999,12.0,0.08266666666666665,6.047999999999999,28,81.8,"{81.8: 1, 115.1: 1, 84.4: 1, 117.6: 1, 94.0: 1, 105.6: 1, 76.5: 1, 87.4: 1, 127.0: 1, 136.1: 1, 108.0: 1, 78.3: 1, 104.7: 1, 59.4: 1, 96.1: 1, 110.7: 1, 93.9: 1, 84.7: 1, 101.2: 1, 79.1: 1, 107.9: 1, ..."
2.12,50,0.0,0.0,0.0,0.0,0,N/A,{}
2.13,50,1.64,10.0,0.16399999999999998,1.8,4,Rarely or Never,"{'Rarely or Never': 24, '1-2 times per week': 17, '3-4 times per week': 8, '5 or more times per week': 1}"
2.14,50,0.0,0.0,0.0,0.0,4,Maybe - need more information,"{'Maybe - need more information': 4, 'Yes - actively working on it': 2, 'Yes - open to trying': 2, 'No': 1}"
2.15,50,1.048,12.0,0.08733333333333332,5.712000000000001,5,Rarely or Never,"{'Rarely or Never': 19, 'Less than once a week': 9, '5 or more times per week': 8, '1-2 times per week': 8, '3-4 times per week': 6}"
2.16,50,0.0,0.0,0.0,0.0,5,Yes - actively working on it,"{'Yes - actively working on it': 10, 'Yes - open to trying': 6, 'Maybe - need more information': 6, 'No': 4, 'Not now, but maybe in the future': 2}"
2.17,50,0.8320000000000002,5.0,0.16639999999999996,0.84,5,Moderate - roughly balanced,"{'Moderate - roughly balanced': 15, 'Large portion - mostly plant-based': 13, 'Almost entirely plant-based or Vegan': 10, 'Almost none - all animal-based': 8, 'A small portion - mostly animal-based': ..."
2.18,50,0.0,0.0,0.0,0.0,4,Yes - actively working on it,"{'Yes - actively working on it': 5, 'Maybe - need more information': 4, 'Yes - open to trying': 2, 'No': 1}"
2.19,50,0.7460000000000001,6.0,0.12433333333333334,1.5240000000000002,4,3-4,"{'3-4': 21, '5 or more': 19, '1-2': 8, '0': 2}"
2.20,50,0.0,0.0,0.0,0.0,5,Yes - actively working on it,"{'Yes - actively working on it': 3, 'No': 2, 'Yes - open to trying': 2, 'Maybe - need more information': 2, 'Not now, but maybe in the future': 1}"
2.21,50,0.62,4.0,0.155,1.52,4,Several times a week,"{'Several times a week': 18, 'Daily': 13, 'Rarely or never': 11, 'Once a week': 8}"
2.22,50,0.0,0.0,0.0,0.0,5,Yes - actively working on it,"{'Yes - actively working on it': 6, 'Yes - open to trying': 6, 'No': 4, 'Maybe - need more information': 2, 'Not now, but maybe in the future': 1}"
2.23,50,0.626,6.0,0.10433333333333332,2.244,4,Several times a week,"{'Several times a week': 23, 'Rarely or never': 11, 'Daily': 11, 'Once a week': 5}"
2.24,50,0.0,0.0,0.0,0.0,5,Yes - actively working on it,"{'Yes - actively working on it': 5, 'Yes - open to trying': 4, 'No': 3, 'Not now, but maybe in the future': 3, 'Maybe - need more information': 1}"
2.25,50,0.524,4.0,0.131,1.9040000000000001,4,Rarely or never,"{'Rarely or never': 20, 'Several times a week': 14, 'Daily': 10, 'Once a week': 6}"
2.26,50,0.0,0.0,0.0,0.0,4,Yes - open to trying,"{'Yes - open to trying': 11, 'Maybe - need more information': 7, 'Yes - actively working on it': 6, 'Not now, but maybe in the future': 2}"
2.27,50,0.608,3.0,0.2026666666666667,1.1759999999999997,4,Several times a week,"{'Several times a week': 20, 'Rarely or never': 11, 'Daily': 11, 'Once a week': 8}"
2.28,50,0.0,0.0,0.0,0.0,5,Yes - actively working on it,"{'Yes - actively working on it': 11, 'No': 4, 'Yes - open to trying': 2, 'Not now, but maybe in the future': 1, 'Maybe - need more information': 1}"
2.29,50,0.638,7.0,0.09114285714285712,2.534,3,More than 2 liters (68 oz),"{'More than 2 liters (68 oz)': 21, '1-2 liters (34-68 oz)': 17, 'Less than 1 liter (34 oz)': 12}"
2.30,50,0.0,0.0,0.0,0.0,5,Yes - actively working on it,"{'Yes - actively working on it': 10, 'Yes - open to trying': 7, 'Not now, but maybe in the future': 5, 'Maybe - need more information': 4, 'No': 3}"
2.31,50,0.8320000000000002,2.0,0.4160000000000001,0.336,4,100–200 mg (1–2 cups of coffee),"{'100–200 mg (1–2 cups of coffee)': 18, '201–400 mg (3–4 cups or energy drink)': 16, '<100 mg (e.g., 1 small coffee or tea)': 12, '>400 mg (5+ cups, strong pre-workouts, etc.)': 2}"
2.32,50,0.0,0.0,0.0,0.0,4,Yes - actively working on it,"{'Yes - actively working on it': 9, 'Yes - open to trying': 5, 'Not now, but maybe in the future': 2, 'No': 2}"
2.33,50,1.4240000000000004,5.0,0.28480000000000005,1.44,6,Coffee,"{'Coffee': 29, 'Soda': 9, 'Energy Drinks': 5, 'Tea': 3, 'Chocolate': 2, 'Pre-Workout Supplements': 2}"
2.34,50,0.654,6.0,0.10899999999999999,2.076,5,2:00–4:00 PM,"{'2:00–4:00 PM': 13, '4:00–6:00 PM': 13, '12:00–2:00 PM': 9, 'Before 12:00 PM': 8, 'After 6:00 PM': 7}"
2.35,50,0.0,0.0,0.0,0.0,5,Yes - open to trying,"{'Yes - open to trying': 6, 'Maybe - need more information': 6, 'Yes - actively working on it': 3, 'Not now, but maybe in the future': 3, 'No': 2}"
2.36,50,0.0,0.0,0.0,0.0,2,Yes,"{'Yes': 30, 'No': 20}"
2.37,50,0.0,0.0,0.0,0.0,3,Yes - open to trying,"{'Yes - open to trying': 12, 'Maybe - need more information': 6, 'Not now, but maybe in the future': 2}"
2.38,50,0.0,0.0,0.0,0.0,2,No,"{'No': 37, 'Yes': 13}"
2.39,50,0.0,0.0,0.0,0.0,11,Peanuts,"{'Peanuts': 2, 'Other (please specify)': 2, 'Shellfish|Dairy|Tree nuts': 1, 'Gluten|Shellfish|Dairy': 1, 'Dairy|Gluten|Shellfish': 1, 'Peanuts|Gluten': 1, 'Other (please specify)|Dairy': 1, 'Dairy': 1..."
2.40,50,0.0,0.0,0.0,0.0,3,"['Breakfast: eggs or cereal. Lunch: sandwich or bowl. Dinner: mixed plate. Snacks: crackers, granola bars.']","{""['Breakfast: eggs or cereal. Lunch: sandwich or bowl. Dinner: mixed plate. Snacks: crackers, granola bars.']"": 25, ""['Breakfast: oatmeal and fruit. Lunch: salad with lean protein. Dinner: vegetables..."
2.41,50,0.0,0.0,0.0,0.0,2,['No'],"{""['No']"": 36, ""['Yes']"": 14}"
2.42,50,0.0,0.0,0.0,0.0,0,N/A,{}
2.43,50,0.0,0.0,0.0,0.0,49,Enhance mental clarity|Improve digestion,"{'Enhance mental clarity|Improve digestion': 2, 'Reduce inflammation|Increase energy levels|Improve physical appearance (e.g., skin health)|Improve overall health': 1, 'Enhance mental clarity|Weight g..."
2.44,50,0.0,0.0,0.0,0.0,49,Weight gain|Weight loss|Improve digestion,"{'Weight gain|Weight loss|Improve digestion': 2, 'Weight gain|Manage a chronic condition (e.g., diabetes, hypertension)': 1, 'Improve physical appearance (e.g., skin health)|Increase energy levels|Imp..."
2.45,50,0.0,0.0,0.0,0.0,2,Yes,"{'Yes': 33, 'No': 17}"
2.46,50,0.0,0.0,0.0,0.0,28,DASH Diet,"{'DASH Diet': 3, 'Whole Food Plant-Based Diet': 2, 'Vegan Diet': 2, 'Vegetarian Diet': 2, 'DASH Diet|Whole Food Plant-Based Diet|Whole30': 1, 'Other (please specify)': 1, 'Whole30|Vegan Diet': 1, 'Int..."
2.47,50,0.0,0.0,0.0,0.0,30,Improve digestion,"{'Improve digestion': 2, 'Weight gain': 2, 'Manage a chronic condition (e.g., diabetes, hypertension)': 2, 'Enhance mental clarity|Improve overall health': 1, 'Manage a chronic condition (e.g., diabet..."
2.48,50,0.0,0.0,0.0,0.0,5,4-6 months,"{'4-6 months': 10, '1-3 months': 7, 'More than 1 year': 6, '7-12 months': 5, 'Less than 1 month': 5}"
2.49,50,0.0,0.0,0.0,0.0,3,Somewhat successful,"{'Somewhat successful': 14, 'Very successful': 13, 'Not successful': 6}"
2.50,50,0.0,0.0,0.0,0.0,16,Satisfied with current eating habits,"{'Satisfied with current eating habits': 2, 'Concern about potential health effects|Perceived difficulty or inconvenience|Satisfied with current eating habits': 1, 'Satisfied with current eating habit..."
2.51,50,0.0,0.0,0.0,0.0,2,No,"{'No': 9, 'Yes': 8}"
2.52,50,0.0,0.0,0.0,0.0,4,Yes - open to trying,"{'Yes - open to trying': 4, 'No': 2, 'Not now, but maybe in the future': 1, 'Maybe - need more information': 1}"
2.53,50,0.0,0.0,0.0,0.0,7,Social or family commitments,"{'Social or family commitments': 2, 'Uncertainty about effectiveness': 1, 'Conflicting information about nutrition|Other (please specify)|Lack of time to prepare meals': 1, 'Lack of time to prepare me..."
2.54,50,0.0,0.0,0.0,0.0,0,N/A,{}
2.55,50,0.0,0.0,0.0,0.0,37,Limited processed foods,"{'Limited processed foods': 3, 'Other (please specify)|Reduced sugar intake': 2, 'Increased fruit and vegetable consumption|Limited processed foods': 2, 'Reduced processed and red meat intake': 2, 'In..."
2.56,50,0.0,0.0,0.0,0.0,37,Reduced sugar intake,"{'Reduced sugar intake': 4, 'Increased fruit and vegetable consumption': 4, 'Limited processed foods': 4, 'Reduced processed and red meat intake|Limited processed foods': 2, 'Other (please specify)': ..."
2.57,50,0.0,0.0,0.0,0.0,49,Stress or emotional eating|Social events or peer pressure,"{'Stress or emotional eating|Social events or peer pressure': 2, 'Health issue or adverse effects|Lack of variety and enjoyment in meals|Social events or peer pressure|Lack of support or guidance': 1,..."
2.58,50,0.0,0.0,0.0,0.0,29,Other (please specify),"{'Other (please specify)': 6, 'Mobile app or online tracking tool': 5, 'Accountability partner': 5, 'Regular check-ins with a nutritionist or dietitian': 3, 'Assistance with meal preparation': 3, 'Acc..."
2.59,50,0.684,1.0,0.684,0.316,3,"No, but I'm generally aware of how many calories I consume each day","{""No, but I'm generally aware of how many calories I consume each day"": 19, 'Yes': 16, 'No': 15}"
2.60,50,0.0,0.0,0.0,0.0,30,Concern about developing an unhealthy relationship with food|Believe it is unnecessary for my goals,"{'Concern about developing an unhealthy relationship with food|Believe it is unnecessary for my goals': 2, 'Other (please specify)|Too time consuming': 2, 'Other (please specify)|Prefer to eat intuiti..."
2.61,50,0.0,0.0,0.0,0.0,4,No,"{'No': 12, 'Yes - open to trying': 10, 'Maybe - need more information': 8, 'Not now, but maybe in the future': 4}"
2.62,50,0.0,0.0,0.0,0.0,35,1922.0,"{1922.0: 1, 2463.0: 1, 2231.0: 1, 2221.0: 1, 1851.0: 1, 2092.0: 1, 2435.0: 1, 2406.0: 1, 2047.0: 1, 1968.0: 1, 2067.0: 1, 2104.0: 1, 2295.0: 1, 2561.0: 1, 2102.0: 1, 2399.0: 1, 2356.0: 1, 1709.0: 1, 1..."
2.63,50,0.0,0.0,0.0,0.0,14,Online calorie tracking tools|Written food diary or journal|Food scale,"{'Online calorie tracking tools|Written food diary or journal|Food scale': 2, 'Mobile app (e.g. MyFitnessPal, Cronometer)': 2, 'Mobile app (e.g. MyFitnessPal, Cronometer)|Written food diary or journal..."
2.64,50,0.0,0.0,0.0,0.0,31,"Dietary restriction (e.g. avoiding sugar, gluten, etc.)","{'Dietary restriction (e.g. avoiding sugar, gluten, etc.)': 3, 'Listening to hunger and fullness cues|Time restriction (e.g. intermittent fasting)|Caloric restriction (e.g. portion control)': 1, 'Eati..."
3.01,50,0.0,0.0,0.0,0.0,4,Regularly (3–4 times per week),"{'Regularly (3–4 times per week)': 16, 'Occasionally (1–2 times per week)': 13, 'Frequently (5 or more times per week)': 13, 'Rarely or Never': 8}"
3.02,50,0.0,0.0,0.0,0.0,4,"Not now, but maybe in the future","{'Not now, but maybe in the future': 9, 'Maybe - need more information': 5, 'Yes - open to trying': 4, 'No': 3}"
3.03,50,0.0,0.0,0.0,0.0,29,"Flexibility/mobility (e.g. yoga, stretching)","{'Flexibility/mobility (e.g. yoga, stretching)': 5, 'Cardio (e.g. running and cycling)': 4, 'Cardio (e.g. running and cycling)|Strength training (e.g. weight lifting)': 3, 'Strength training (e.g. wei..."
3.04,50,0.0,0.0,0.0,0.0,4,Occasionally (1–2 times per week),"{'Occasionally (1–2 times per week)': 16, 'Regularly (3–4 times per week)': 12, 'Frequently (5 or more times per week)': 4, 'Rarely (a few times a month)': 3}"
3.05,50,0.0,0.0,0.0,0.0,4,Regularly (3–4 times per week),"{'Regularly (3–4 times per week)': 11, 'Occasionally (1–2 times per week)': 9, 'Frequently (5 or more times per week)': 3, 'Rarely (a few times a month)': 3}"
3.06,50,0.0,0.0,0.0,0.0,4,Rarely (a few times a month),"{'Rarely (a few times a month)': 13, 'Occasionally (1–2 times per week)': 7, 'Regularly (3–4 times per week)': 5, 'Frequently (5 or more times per week)': 1}"
3.07,50,0.0,0.0,0.0,0.0,4,Occasionally (1–2 times per week),"{'Occasionally (1–2 times per week)': 10, 'Rarely (a few times a month)': 8, 'Frequently (5 or more times per week)': 3, 'Regularly (3–4 times per week)': 1}"
3.08,50,0.0,0.0,0.0,0.0,4,30–45 minutes,"{'30–45 minutes': 18, '45–60 minutes': 8, 'Less than 30 minutes': 6, 'More than 60 minutes': 3}"
3.09,50,0.0,0.0,0.0,0.0,4,30–45 minutes,"{'30–45 minutes': 9, '45–60 minutes': 7, 'Less than 30 minutes': 6, 'More than 60 minutes': 4}"
3.10,50,0.0,0.0,0.0,0.0,4,30–45 minutes,"{'30–45 minutes': 11, 'Less than 30 minutes': 7, '45–60 minutes': 5, 'More than 60 minutes': 3}"
3.11,50,0.0,0.0,0.0,0.0,4,30–45 minutes,"{'30–45 minutes': 14, 'Less than 30 minutes': 5, '45–60 minutes': 2, 'More than 60 minutes': 1}"
3.12,50,0.0,0.0,0.0,0.0,22,Disinterest in strength training,"{'Disinterest in strength training': 2, 'Preference for other types of exercise': 2, 'Intimidation or discomfort in the gym environment|Preference for other types of exercise|Other (please specify)': ..."
3.13,50,0.0,0.0,0.0,0.0,4,Maybe - need more information,"{'Maybe - need more information': 8, 'No': 7, 'Not now, but maybe in the future': 5, 'Yes - open to trying': 4}"
3.14,50,0.0,0.0,0.0,0.0,22,Group fitness classes|Detailed workout plans|Online tutorials or videos|Support from friends or workout partners,"{'Group fitness classes|Detailed workout plans|Online tutorials or videos|Support from friends or workout partners': 1, 'Online tutorials or videos|Gym membership with strength training facilities': 1..."
3.15,50,0.0,0.0,0.0,0.0,15,Lack of access to facilities or equipment,"{'Lack of access to facilities or equipment': 1, 'Discomfort with cardio activities': 1, 'Physical limitations or medical conditions|Lack of time|Other (please specify)': 1, 'Concern about injury|Bore..."
3.16,50,0.0,0.0,0.0,0.0,3,Maybe,"{'Maybe': 6, 'No': 5, 'Yes': 4}"
3.17,50,0.0,0.0,0.0,0.0,12,"Professional guidance (e.g., a personal trainer)|Support from friends or workout partners","{'Professional guidance (e.g., a personal trainer)|Support from friends or workout partners': 2, 'Detailed workout plans|Group fitness classes|Professional guidance (e.g., a personal trainer)|Online t..."
3.18,50,0.0,0.0,0.0,0.0,25,Physical limitations or medical conditions|Disinterest in HIIT,"{'Physical limitations or medical conditions|Disinterest in HIIT': 2, 'Disinterest in HIIT': 2, 'Other (please specify)': 2, 'Lack of time|Other (please specify)': 1, 'Lack of access to facilities or ..."
3.19,50,0.0,0.0,0.0,0.0,4,Yes - open to trying,"{'Yes - open to trying': 17, 'No': 7, 'Not now, but maybe in the future': 2, 'Maybe - need more information': 2}"
3.20,50,0.0,0.0,0.0,0.0,21,Group fitness classes,"{'Group fitness classes': 3, 'Educational articles or books': 2, 'Professional guidance (e.g., personal trainer)': 2, 'Detailed workout plans|Online tutorials or videos|Mobile apps or online programs'..."
3.21,50,0.684,8.0,0.0855,2.5279999999999996,7,"7,500–10,000","{'7,500–10,000': 13, '5,000–7,500': 12, '10,000–15,000': 11, '2,500–5,000': 5, 'Less than 2,500': 4, 'More than 15,000': 3, ""I'm not sure"": 2}"
3.22,50,0.0,0.0,0.0,0.0,4,No,"{'No': 12, 'Not now, but maybe in the future': 11, 'Maybe - need more information': 10, 'Yes - open to trying': 3}"
3.23,50,0.0,0.0,0.0,0.0,2,Yes,"{'Yes': 41, 'No': 9}"
3.24,50,0.0,0.0,0.0,0.0,9,Apple Watch|Fitbit,"{'Apple Watch|Fitbit': 10, 'Apple Watch|Whoop': 8, 'Apple Watch|Samsung Galaxy': 7, 'Apple Watch|Other (please specify)': 6, 'Apple Watch|Oura Ring': 4, 'Apple Watch|Garmin': 3, 'Fitbit': 1, 'Other (p..."
3.25,50,0.0,0.0,0.0,0.0,3,No,"{'No': 4, 'Maybe - need more information': 3, 'Yes - open to trying': 2}"
3.26,50,0.0,0.0,0.0,0.0,2,No,"{'No': 45, 'Yes': 5}"
3.27,50,0.0,0.0,0.0,0.0,4,Chronic back issues; avoid heavy lifting.,"{'Chronic back issues; avoid heavy lifting.': 2, 'Arthritis in hands and wrists; limit grip exercises.': 1, 'Hip replacement; restricted range of motion.': 1, 'Knee pain limits running or jumping acti..."
4.01,50,0.0,0.0,0.0,0.0,5,Very Good,"{'Very Good': 20, 'Good': 15, 'Fair': 8, 'Excellent': 4, 'Poor': 3}"
4.02,50,0.868,10.0,0.08679999999999997,1.32,7,7 hours,"{'7 hours': 15, '8 hours': 15, '6 hours': 8, '9 hours': 6, 'More than 9 hours': 3, '4 hours or less': 2, '5 hours': 1}"
4.03,50,0.6559999999999999,5.0,0.1312,1.72,5,Often,"{'Often': 20, 'Sometimes': 15, 'Rarely': 8, 'Always': 4, 'Never': 3}"
4.04,50,0.48400000000000004,8.0,0.060500000000000005,4.127999999999999,4,Consistent on weekdays only,"{'Consistent on weekdays only': 20, 'Somewhat inconsistent': 15, 'Very inconsistent': 11, 'Very consistent': 4}"
4.05,50,0.0,0.0,0.0,0.0,3,"Sometimes (e.g., weekdays only)","{'Sometimes (e.g., weekdays only)': 30, 'No': 11, 'Yes': 9}"
4.06,50,0.0,0.0,0.0,0.0,41,Reduced energy levels,"{'Reduced energy levels': 3, 'Reduced physical performance|Reduced energy levels': 3, 'Reduced physical performance': 2, 'Increased stress or anxiety|Reduced physical performance|Difficulty concentrat..."
4.07,50,4.680000000000001,9.0,0.52,4.32,48,Getting sunlight exposure by going outside within 30–60 minutes of waking/sunrise,"{'Getting sunlight exposure by going outside within 30–60 minutes of waking/sunrise': 2, 'Avoiding fluids close to bedtime': 2, 'Having a consistent sleep and wake schedule throughout the week|Avoidin..."
4.08,50,0.0,0.0,0.0,0.0,4,Yes - open to trying,"{'Yes - open to trying': 27, 'Maybe - need more information': 11, 'Not now, but maybe in the future': 8, 'No': 4}"
4.09,50,0.0,0.0,0.0,0.0,35,"Limiting alcohol consumption|Keeping your bedroom cool, dark, and quiet","{'Limiting alcohol consumption|Keeping your bedroom cool, dark, and quiet': 2, 'Getting sunlight exposure by going outside within 30–60 minutes of waking/sunrise': 2, 'Keeping your bedroom cool, dark,..."
4.10,50,0.0,0.0,0.0,0.0,5,Neutral,"{'Neutral': 17, 'Somewhat comfortable': 13, 'Very comfortable': 9, 'Somewhat uncomfortable': 8, 'Very uncomfortable': 3}"
4.11,50,0.0,0.0,0.0,0.0,40,Pets,"{'Pets': 3, 'Noise|Other (please specify)': 3, 'Light|Pillow comfort': 2, 'Pillow comfort|Pets': 2, 'Mattress comfort': 2, 'Mattress comfort|Pillow comfort': 2, 'Other (please specify)': 2, 'Noise': 2..."
4.12,50,38.104000000000006,41.0,0.9293658536585366,2.8959999999999995,19,Snoring,"{'Snoring': 4, 'Sleep apnea': 4, 'Frequent nightmares': 4, 'Frequent nightmares|Sleep apnea': 2, 'Restless legs|Snoring': 2, 'Waking up too early|Sleep apnea|Difficulty staying asleep': 1, 'Restless l..."
4.13,50,0.0,0.0,0.0,0.0,1,Occasionally,{'Occasionally': 1}
4.14,50,0.0,0.0,0.0,0.0,4,Occasionally,"{'Occasionally': 3, 'Frequently': 2, 'Rarely': 1, 'Always': 1}"
4.15,50,0.0,0.0,0.0,0.0,2,Frequently,"{'Frequently': 2, 'Occasionally': 2}"
4.16,50,0.0,0.0,0.0,0.0,3,Rarely,"{'Rarely': 5, 'Occasionally': 3, 'Frequently': 2}"
4.17,50,0.0,0.0,0.0,0.0,4,Occasionally,"{'Occasionally': 3, 'Frequently': 2, 'Rarely': 2, 'Always': 1}"
4.18,50,0.0,0.0,0.0,0.0,4,Occasionally,"{'Occasionally': 5, 'Rarely': 2, 'Frequently': 2, 'Always': 1}"
4.19,50,0.0,0.0,0.0,0.0,4,Rarely,"{'Rarely': 6, 'Occasionally': 4, 'Frequently': 3, 'Always': 1}"
4.20,50,0.0,0.0,0.0,0.0,0,N/A,{}
4.21,50,0.0,0.0,0.0,0.0,2,Yes,"{'Yes': 31, 'No': 19}"
4.22,50,0.0,0.0,0.0,0.0,3,Yes,"{'Yes': 8, 'Maybe': 7, 'No': 4}"
4.23,50,0.0,0.0,0.0,0.0,2,Yes,"{'Yes': 17, 'No': 14}"
4.24,50,0.0,0.0,0.0,0.0,10,Apple Watch,"{'Apple Watch': 6, 'Oura Ring|Oura Ring': 2, 'Oura Ring': 2, 'Fitbit': 1, 'Fitbit|Withings': 1, 'Oura Ring|Fitbit': 1, 'Apple Watch|8 Sleep': 1, 'Whoop': 1, 'Garmin|8 Sleep': 1, 'Withings': 1}"
4.25,50,0.0,0.0,0.0,0.0,11,4–6 months,"{'4–6 months': 3, 'Less than 1 month': 3, '7–12 months': 2, '1–3 months': 2, '1–3 months|1–3 months': 1, '4–6 months|7–12 months': 1, 'Less than 1 month|1–3 months': 1, '1–3 months|7–12 months': 1, 'M..."
4.26,50,0.0,0.0,0.0,0.0,13,It was not providing useful information,"{'It was not providing useful information': 2, 'I found it uncomfortable or intrusive|It did not fit well with my routine': 1, 'It was not providing useful information|It was difficult to use or under..."
4.27,50,0.0,0.0,0.0,0.0,4,Maybe - need more information,"{'Maybe - need more information': 4, 'Not now, but maybe in the future': 4, 'Yes - open to trying': 3, 'No': 3}"
5.01,50,0.6120000000000001,8.0,0.07650000000000001,3.1040000000000005,5,Fair,"{'Fair': 15, 'Poor': 13, 'Good': 12, 'Excellent': 6, 'Very poor': 4}"
5.02,50,0.6480000000000001,8.0,0.08100000000000002,2.8160000000000003,2,No,"{'No': 28, 'Yes': 22}"
5.03,50,0.0,0.0,0.0,0.0,21,Difficulty finding words or speaking clearly,"{'Difficulty finding words or speaking clearly': 2, 'Difficulty concentrating|Trouble with problem solving or decision-making|Other (please specify)': 1, 'Difficulty finding words or speaking clearly|..."
5.04,50,0.0,0.0,0.0,0.0,2,No,"{'No': 35, 'Yes': 15}"
5.05,50,0.0,0.0,0.0,0.0,13,More frequent confusion,"{'More frequent confusion': 2, 'Difficulty learning new things': 2, 'Difficulty learning new things|Other (please specify)|Decreased ability to focus': 1, 'More frequent confusion|Increased forgetfuln..."
5.06,50,0.7,8.0,0.0875,2.4,5,Daily,"{'Daily': 15, 'Several times a week': 14, 'Weekly': 8, 'Occasionally': 7, 'Rarely or Never': 6}"
5.07,50,0.0,0.0,0.0,0.0,4,Maybe - need more information,"{'Maybe - need more information': 15, 'Not now, but maybe in the future': 15, 'Yes - open to trying': 12, 'No': 8}"
5.08,50,0.4064000000000001,8.0,0.05080000000000001,4.748799999999999,44,"Engaging in hobbies (e.g., music, sports)|Socializing with friends and family","{'Engaging in hobbies (e.g., music, sports)|Socializing with friends and family': 2, 'Socializing with friends and family|Engaging in hobbies (e.g., music, sports)|Other (please specify)': 2, 'Engagin..."
5.09,50,0.0,0.0,0.0,0.0,3,Yes,"{'Yes': 7, ""I'm not sure"": 3, 'No': 1}"
5.10,50,0.0,0.0,0.0,0.0,2,Yes,"{'Yes': 2, ""I'm not sure"": 1}"
5.11,50,0.0,0.0,0.0,0.0,37,Improving focus and concentration,"{'Improving focus and concentration': 5, 'Boosting problem-solving skills': 2, 'Increasing mental processing speed': 2, 'Improving focus and concentration|Other (please specify)': 2, 'Enhancing memory..."
5.12,50,0.0,0.0,0.0,0.0,39,Nutritional advice or supplements,"{'Nutritional advice or supplements': 5, 'Physical exercise programs': 3, 'Professional guidance (e.g., neurologist, phychologist)': 2, 'Physical exercise programs|Other (please specify)': 2, 'Profess..."
6.01,50,0.0,0.0,0.0,0.0,6,Moderate stress,"{'Moderate stress': 23, 'High stress': 11, 'Low stress': 7, 'No stress': 4, 'Extreme stress': 3, 'Stress levels vary from low to moderate': 2}"
6.02,50,0.9709,19.0,0.05109999999999999,0.5528999999999992,4,Frequently,"{'Frequently': 15, 'Occasionally': 14, 'Rarely': 11, 'Always': 10}"
6.03,50,0.0,0.0,0.0,0.0,48,Other (please specify),"{'Other (please specify)': 2, 'Other (please specify)|Major life changes': 2, 'Work|Major life changes|Time management': 1, 'Environmental factors (e.g., noise, commute)|Work': 1, 'Other (please speci..."
6.04,50,0.0,0.0,0.0,0.0,36,I don't notice any physical effects,"{""I don't notice any physical effects"": 10, 'Fatigue': 3, 'Headaches': 2, 'Difficulty sleeping|Muscle tension or pain|Fatigue|Headaches': 1, 'Muscle tension or pain|Other (please specify)|Rapid heartb..."
6.05,50,0.0,0.0,0.0,0.0,36,I don't experience any emotional or psychological symptoms,"{""I don't experience any emotional or psychological symptoms"": 8, 'Anxiety': 2, 'Irritability or anger': 2, 'Sadness or depression|Irritability or anger': 2, 'Restlessness': 2, 'Feeling overwhelmed|Ot..."
6.06,50,0.0,0.0,0.0,0.0,34,Stress does not affect my daily life,"{'Stress does not affect my daily life': 12, 'Reduced motivation': 2, 'Impact on physical health|Reduced motivation': 2, 'Interference with personal relationships': 2, 'Decreased productivity': 2, 'Ch..."
6.07,50,0.7000000000000002,7.0,0.09999999999999998,2.0999999999999996,34,Talking to friends or family,"{'Talking to friends or family': 2, 'Deep breathing exercises': 2, 'Avoiding stressful situations|Journaling or writing': 2, 'Other (please specify)': 2, 'Other (please specify)|Professional counselin..."
6.08,50,0.0,0.0,0.0,0.0,43,Other (please specify),"{'Other (please specify)': 4, 'Meditation or mindfulness practices|Hobbies or recreational activities': 2, 'Journaling or writing': 2, 'Time management strategies': 2, 'Professional counseling or ther..."
6.09,50,0.0,0.0,0.0,0.0,5,Slightly effective,"{'Slightly effective': 14, 'Extremely effective': 11, 'Moderately effective': 11, 'Very effective': 9, 'Not effective at all': 5}"
6.10,50,0.0,0.0,0.0,0.0,5,Slightly important,"{'Slightly important': 13, 'Extremely important': 12, 'Moderately important': 10, 'Very important': 10, 'Not at all important': 5}"
6.11,50,0.0,0.0,0.0,0.0,5,Somewhat comfortable,"{'Somewhat comfortable': 16, 'Extremely comfortable': 12, 'Neither comfortable nor uncomfortable': 10, 'Somewhat uncomfortable': 8, 'Extremely uncomfortable': 4}"
6.12,50,0.0,0.0,0.0,0.0,40,Improve physical health,"{'Improve physical health': 4, 'Other (please specify)': 4, 'Enhance work performance': 2, 'Increase overall well-being': 2, 'Other (please specify)|Enhance work performance': 2, 'Improve physical hea..."
6.13,50,0.0,0.0,0.0,0.0,41,Support groups,"{'Support groups': 4, 'Other (please specify)|Relaxation techniques (e.g. yoga, meditation)': 2, 'Relaxation techniques (e.g. yoga, meditation)': 2, 'Online resources or apps': 2, 'Books or educationa..."
6.14,50,0.0,0.0,0.0,0.0,2,No,"{'No': 38, 'Yes': 12}"
6.15,50,0.0,0.0,0.0,0.0,12,Apple Watch|Oura Ring,"{'Apple Watch|Oura Ring': 1, 'Apple Watch|Fitbit': 1, 'Other (please specify)|Calm App|Fitbit': 1, 'Apple Watch|Oura Ring|Samsung Watch': 1, 'Apple Watch': 1, 'Calm App|Headspace App|Oura Ring': 1, 'A..."
6.16,50,0.0,0.0,0.0,0.0,4,Maybe - need more information,"{'Maybe - need more information': 4, 'No': 4, 'Not now, but maybe in the future': 2, 'Yes - open to trying': 2}"
7.01,50,0.6719999999999999,10.0,0.06720000000000001,3.28,5,Good,"{'Good': 21, 'Fair': 18, 'Excellent': 4, 'Very poor': 4, 'Poor': 3}"
7.02,50,0.7440000000000002,10.0,0.07440000000000001,2.56,5,Daily,"{'Daily': 19, 'Weekly': 15, 'Several times a week': 9, 'Rarely': 4, 'Several times a month': 3}"
7.03,50,0.0,0.0,0.0,0.0,46,Other (please specify),"{'Other (please specify)': 2, 'Group activities (e.g., sports, clubs)|Video calls': 2, 'Other (please specify)|Text messaging or social media|Phone calls': 2, 'In-person gatherings|Text messaging or s..."
7.04,50,0.696,8.0,0.087,2.432,4,Somewhat satisfied,"{'Somewhat satisfied': 22, 'Neither satisfied nor dissatisfied': 15, 'Extremely satisfied': 7, 'Extremely dissatisfied': 6}"
7.05,50,0.0,0.0,0.0,0.0,5,Strong,"{'Strong': 23, 'Moderate': 17, 'Weak': 5, 'Very strong': 4, 'Very weak': 1}"
7.06,50,0.0,0.0,0.0,0.0,31,Support groups,"{'Support groups': 5, 'Professional counselor or therapist': 3, 'Colleagues': 3, 'Family': 3, 'Support groups|Colleagues': 3, 'Friends': 2, 'Friends|Family': 2, 'Other (please specify)': 2, 'Friends|S..."
7.07,50,0.7879999999999999,9.0,0.08755555555555555,1.9080000000000001,5,Always,"{'Always': 24, 'Usually': 10, 'Rarely': 9, 'Sometimes': 6, 'Never': 1}"
7.08,50,0.0,0.0,0.0,0.0,20,Personal or family obligations,"{'Personal or family obligations': 6, 'Geographical distance': 5, 'Lack of interest': 5, 'Social anxiety or shyness': 4, 'Other (please specify)': 3, 'Lack of time': 3, 'Health issues': 2, 'Health iss..."
7.09,50,0.7159999999999997,3.0,0.23866666666666664,0.8519999999999998,5,Somewhat comfortable,"{'Somewhat comfortable': 18, 'Extremely comfortable': 12, 'Somewhat uncomfortable': 11, 'Neither comfortable nor uncomfortable': 8, 'Extremely uncomfortable': 1}"
7.10,50,0.0,0.0,0.0,0.0,5,Very important,"{'Very important': 16, 'Moderately important': 13, 'Extremely important': 11, 'Not at all important': 5, 'Slightly important': 5}"
8.01,50,0.0,0.0,0.0,0.0,18,Alcohol,"{'Alcohol': 8, 'Nicotine': 7, 'Over-the-counter medications (e.g., sleep aids)': 6, 'Tobacco (cigarettes, cigars, smokeless tobacco)': 4, 'Recreational drugs (e.g., marijuana)': 4, 'Other': 3, 'Tobacc..."
8.02,50,0.0,0.0,0.0,0.0,4,Light: Less than 1 pack per day / occasional use,"{'Light: Less than 1 pack per day / occasional use': 4, 'Heavy: 2+ packs per day (or equivalent heavy vape/smokeless)': 2, 'Moderate: 1 pack per day (or moderate vape/smokeless)': 2, 'Minimal: A few t..."
8.03,50,0.0,0.0,0.0,0.0,5,3-5 years,"{'3-5 years': 3, '6-10 years': 2, '1-2 years': 2, '11-20 years': 2, 'More than 20 years': 1}"
8.04,50,0.0,0.0,0.0,0.0,3,I currently use more than I used to,"{'I currently use more than I used to': 4, 'I currently use less than I used to': 4, 'My current use is about the same as its been overall': 2}"
8.05,50,0.0,0.0,0.0,0.0,5,Light: 1 drink per day or most days,"{'Light: 1 drink per day or most days': 5, 'Minimal: A few drinks per month or less': 3, 'Occasional: Only rarely/special occasions': 3, 'Heavy: 5+ drinks per day / heavy daily use': 3, 'Moderate: 2–4..."
8.06,50,0.0,0.0,0.0,0.0,5,6-10 years,"{'6-10 years': 6, '1-2 years': 3, 'More than 20 years': 3, '11-20 years': 3, 'Less than 1 year': 1}"
8.07,50,0.0,0.0,0.0,0.0,3,I currently use more than I used to,"{'I currently use more than I used to': 6, 'I currently use less than I used to': 5, 'My current use is about the same as its been overall': 5}"
8.08,50,0.0,0.0,0.0,0.0,5,Light: Monthly or less,"{'Light: Monthly or less': 2, 'Heavy: Daily or almost daily use': 2, 'Minimal: A few times a year': 1, 'Moderate: Weekly use (1–2x/week)': 1, 'Occasional: Only a handful of times ever': 1}"
8.09,50,0.0,0.0,0.0,0.0,5,6-10 years,"{'6-10 years': 2, 'More than 20 years': 2, '3-5 years': 1, '11-20 years': 1, 'Less than 1 year': 1}"
8.10,50,0.0,0.0,0.0,0.0,3,I currently use less than I used to,"{'I currently use less than I used to': 3, 'My current use is about the same as its been overall': 3, 'I currently use more than I used to': 1}"
8.11,50,0.0,0.0,0.0,0.0,5,Minimal: A few times a month or less,"{'Minimal: A few times a month or less': 3, 'Light: Less than daily or only in specific situations': 2, 'Heavy: All-day or equivalent to 2+ packs/day': 2, 'Moderate: Most of the day/equivalent to 1 pa..."
8.12,50,0.0,0.0,0.0,0.0,6,Less than 1 year,"{'Less than 1 year': 2, '11-20 years': 2, '1-2 years': 2, '6-10 years': 2, 'More than 20 years': 1, '3-5 years': 1}"
8.13,50,0.0,0.0,0.0,0.0,3,I currently use more than I used to,"{'I currently use more than I used to': 4, 'I currently use less than I used to': 4, 'My current use is about the same as its been overall': 2}"
8.14,50,0.0,0.0,0.0,0.0,4,Occasional: Only rarely or on special occasions,"{'Occasional: Only rarely or on special occasions': 4, 'Moderate: Several times per week': 4, 'Heavy: Daily or nightly use for months': 3, 'Light: A few times per month': 1}"
8.15,50,0.0,0.0,0.0,0.0,5,3-5 years,"{'3-5 years': 4, '6-10 years': 3, 'Less than 1 year': 2, '1-2 years': 2, '11-20 years': 1}"
8.16,50,0.0,0.0,0.0,0.0,3,My current use is about the same as its been overall,"{'My current use is about the same as its been overall': 6, 'I currently use less than I used to': 3, 'I currently use more than I used to': 3}"
8.17,50,0.0,0.0,0.0,0.0,5,Occasional: Only a handful of times ever,"{'Occasional: Only a handful of times ever': 2, 'Heavy: Daily or almost daily use': 2, 'Light: Monthly or less': 2, 'Moderate: Weekly use (1–2x/week)': 1, 'Minimal: A few times a year': 1}"
8.18,50,0.0,0.0,0.0,0.0,5,11-20 years,"{'11-20 years': 2, '3-5 years': 2, 'Less than 1 year': 2, '1-2 years': 1, '6-10 years': 1}"
8.19,50,0.0,0.0,0.0,0.0,2,My current use is about the same as its been overall,"{'My current use is about the same as its been overall': 5, 'I currently use less than I used to': 3}"
8.20,50,0.0,0.0,0.0,0.0,18,"Over-the-counter medications (e.g., sleep aids)","{'Over-the-counter medications (e.g., sleep aids)': 6, 'Other': 3, 'Recreational drugs (e.g., marijuana)': 2, 'Other|Recreational drugs (e.g., marijuana)': 2, 'Alcohol|Recreational drugs (e.g., mariju..."
8.21,50,0.0,0.0,0.0,0.0,2,11-20 years,"{'11-20 years': 2, '1-2 years': 1}"
8.22,50,0.0,0.0,0.0,0.0,3,Moderate: 1 pack per day (or moderate vape/smokeless),"{'Moderate: 1 pack per day (or moderate vape/smokeless)': 1, 'Light: Less than 1 pack per day / occasional use': 1, 'Minimal: A few times a month or less': 1}"
8.23,50,0.0,0.0,0.0,0.0,4,More than 20 years,"{'More than 20 years': 3, 'Less than 1 year': 2, '1-2 years': 1, '11-20 years': 1}"
8.24,50,0.0,0.0,0.0,0.0,4,Light: 1 drink per day or most days,"{'Light: 1 drink per day or most days': 4, 'Occasional: Only rarely/special occasions': 1, 'Heavy: 5+ drinks per day / heavy daily use': 1, 'Moderate: 2–4 drinks per day / frequent use': 1}"
8.25,50,0.0,0.0,0.0,0.0,5,Less than 1 year,"{'Less than 1 year': 3, 'More than 20 years': 3, '3-5 years': 2, '11-20 years': 1, '1-2 years': 1}"
8.26,50,0.0,0.0,0.0,0.0,4,Light: Monthly or less,"{'Light: Monthly or less': 3, 'Heavy: Daily or almost daily use': 3, 'Minimal: A few times a year': 2, 'Occasional: Only a handful of times ever': 2}"
8.27,50,0.0,0.0,0.0,0.0,4,11-20 years,"{'11-20 years': 3, 'More than 20 years': 2, '1-2 years': 1, '3-5 years': 1}"
8.28,50,0.0,0.0,0.0,0.0,5,Light: Less than daily or only in specific situations,"{'Light: Less than daily or only in specific situations': 2, 'Minimal: A few times a month or less': 2, 'Moderate: Most of the day/equivalent to 1 pack/day': 1, 'Occasional: Only rarely or on special ..."
8.29,50,0.0,0.0,0.0,0.0,4,Less than 1 year,"{'Less than 1 year': 4, '1-2 years': 2, '11-20 years': 2, '3-5 years': 2}"
8.30,50,0.0,0.0,0.0,0.0,4,Heavy: Daily or nightly use for months,"{'Heavy: Daily or nightly use for months': 3, 'Light: A few times per month': 3, 'Occasional: Only rarely or on special occasions': 3, 'Moderate: Several times per week': 1}"
8.31,50,0.0,0.0,0.0,0.0,4,6-10 years,"{'6-10 years': 3, 'More than 20 years': 3, '11-20 years': 2, '1-2 years': 1}"
8.32,50,0.0,0.0,0.0,0.0,4,Heavy: Daily or almost daily use,"{'Heavy: Daily or almost daily use': 3, 'Occasional: Only a handful of times ever': 3, 'Light: Monthly or less': 2, 'Moderate: Weekly use (1–2x/week)': 1}"
8.33,50,0.0,0.0,0.0,0.0,19,Personal or family reasons,"{'Personal or family reasons': 4, 'Health concerns': 3, 'Health concerns|Personal or family reasons|Other': 2, 'Other': 2, 'Personal or family reasons|Health concerns': 2, 'Social reasons': 2, 'Social..."
8.34,50,0.0,0.0,0.0,0.0,34,No impact,"{'No impact': 7, 'Impaired work performance': 4, 'Reduced mental health': 2, 'Other|Strained personal relationships': 2, 'Reduced physical health|Impaired work performance': 2, 'Other': 2, 'Strained p..."
8.35,50,0.0,0.0,0.0,0.0,5,No,"{'No': 13, 'Maybe - need more information': 12, 'Yes - actively trying': 9, 'Not now, but maybe in the future': 8, 'Yes - open to trying': 8}"
8.36,50,0.0,0.0,0.0,0.0,15,Alcohol,"{'Alcohol': 9, 'Over-the-counter medications (e.g., sleep aids)': 7, 'Nicotine': 7, 'Tobacco (cigarettes, cigars, smokeless tobacco)': 5, 'Recreational drugs (e.g., marijuana)': 4, 'Other': 3, 'Over-t..."
8.37,50,0.0,0.0,0.0,0.0,5,Not at all important,"{'Not at all important': 14, 'Slightly important': 11, 'Very important': 9, 'Extremely important': 8, 'Moderately important': 8}"
8.38,50,0.0,0.0,0.0,0.0,2,Yes,"{'Yes': 29, 'No': 21}"
8.39,50,0.0,0.0,0.0,0.0,27,Probiotic,"{'Probiotic': 3, 'Collagen, Probiotic, B12': 1, 'Vitamin D': 1, 'Multivitamin, Magnesium, Zinc, B12': 1, 'Collagen, Probiotic': 1, 'Multivitamin': 1, 'Probiotic, Omega-3, B12, Multivitamin': 1, 'Omega..."
8.40,50,0.0,0.0,0.0,0.0,4,Maybe - need more information,"{'Maybe - need more information': 9, 'Not now, but maybe in the future': 6, 'No': 3, 'Yes - open to trying': 3}"
8.41,50,0.0,0.0,0.0,0.0,2,Yes,"{'Yes': 35, 'No': 15}"
8.42,50,0.0,0.0,0.0,0.0,33,Ashwagandha,"{'Ashwagandha': 2, 'L-Theanine': 2, 'Ashwagandha, Whey Protein, Beta-Alanine, Tart Cherry Extract': 1, 'Creatine Monohydrate, L-Theanine, Whey Protein, Zinc': 1, 'Magnesium, Vitamin D, Caffeine, Citru..."
8.43,50,0.0,0.0,0.0,0.0,4,No,"{'No': 14, 'Not now, but maybe in the future': 9, 'Maybe - need more information': 8, 'Yes - open to trying': 4}"
8.44,50,0.0,0.0,0.0,0.0,2,Yes,"{'Yes': 36, 'No': 14}"
8.45,50,0.0,0.0,0.0,0.0,4,Rarely,"{'Rarely': 25, 'Frequently': 4, 'Occasionally': 4, 'Always': 3}"
8.46,50,0.0,0.0,0.0,0.0,11,Prescription medication|Over-the-counter medications,"{'Prescription medication|Over-the-counter medications': 4, 'Prescription medication': 4, 'Over-the-counter medications': 4, 'Natural supplements': 3, 'Other|Natural supplements': 2, 'Other': 2, 'Natu..."
8.47,50,0.0,0.0,0.0,0.0,8,Theanine,"{'Theanine': 2, 'GABA|Apigenin|Glycine': 1, 'Melatonin': 1, 'Apigenin': 1, 'Magnesium threonate / Magnesium Bisglycinate|Theanine': 1, 'Glycine': 1, 'Other': 1, 'Melatonin|Theanine|Apigenin': 1}"
8.48,50,0.0,0.0,0.0,0.0,4,No,"{'No': 31, 'Maybe - need more information': 9, 'Not now, but maybe in the future': 8, 'Yes - open to trying': 2}"
8.49,50,0.0,0.0,0.0,0.0,2,No,"{'No': 26, 'Yes': 24}"
8.50,50,0.0,0.0,0.0,0.0,19,Ashwagandha,"{'Ashwagandha': 3, 'Fish Oil': 2, 'Vitamin K2, Bacopa': 2, 'Creatine': 2, ""NAC, CoQ10, Lion's Mane"": 1, 'NAC, Creatine, Fish Oil': 1, 'Bacopa, NAC, Creatine': 1, 'Fish Oil, NAC, Vitamin K2': 1, 'Ashwa..."
8.51,50,0.0,0.0,0.0,0.0,4,"Not now, but maybe in the future","{'Not now, but maybe in the future': 19, 'Maybe - need more information': 13, 'Yes - open to trying': 11, 'No': 7}"
8.52,50,0.7680000000000001,6.0,0.128,1.3920000000000001,4,Daily,"{'Daily': 24, 'A few times a week': 14, 'Rarely': 11, 'Never': 1}"
8.53,50,0.0,0.0,0.0,0.0,4,No,"{'No': 16, 'Yes - open to trying': 14, 'Not now, but maybe in the future': 11, 'Maybe - need more information': 9}"
8.54,50,0.7760000000000001,7.0,0.11085714285714285,1.5679999999999998,2,≥2 times a day,"{'≥2 times a day': 36, '<2 times a day': 14}"
8.55,50,0.0,0.0,0.0,0.0,4,No,"{'No': 24, 'Not now, but maybe in the future': 13, 'Maybe - need more information': 7, 'Yes - open to trying': 6}"
8.56,50,0.6339999999999999,4.0,0.15849999999999997,1.464,4,A few times a week,"{'A few times a week': 15, 'Rarely': 15, 'Daily': 14, 'Never': 6}"
8.57,50,0.0,0.0,0.0,0.0,4,Yes - open to trying,"{'Yes - open to trying': 17, 'No': 15, 'Maybe - need more information': 12, 'Not now, but maybe in the future': 6}"
8.58,50,0.52,2.0,0.26,0.9600000000000002,2,No,"{'No': 30, 'Yes': 20}"
8.59,50,0.0,0.0,0.0,0.0,4,Yes - open to trying,"{'Yes - open to trying': 11, 'Maybe - need more information': 9, 'Not now, but maybe in the future': 8, 'No': 2}"
9.01,50,0.76,10.0,0.07600000000000001,2.4,2,No,"{'No': 35, 'Yes': 15}"
9.02,50,0.0,0.0,0.0,0.0,6,Parent,"{'Parent': 6, 'Grandparent': 3, 'Other': 3, 'Sibling|Grandparent': 1, 'Other|Sibling': 1, 'Sibling': 1}"
9.03,50,0.0,0.0,0.0,0.0,13,60,"{'60': 2, '44': 2, '63': 1, '55': 1, '79': 1, '64': 1, '45|37': 1, '66': 1, '48|64': 1, '70': 1, '68': 1, '47': 1, '65': 1}"
9.04,50,0.84,10.0,0.08399999999999999,1.6,2,No,"{'No': 40, 'Yes': 10}"
9.05,50,0.0,0.0,0.0,0.0,4,Grandparent,"{'Grandparent': 6, 'Sibling': 2, 'Other': 1, 'Parent': 1}"
9.06,50,0.0,0.0,0.0,0.0,8,74.0,"{74.0: 2, 61.0: 2, 35.0: 1, 44.0: 1, 48.0: 1, 80.0: 1, 52.0: 1, 41.0: 1}"
9.07,50,0.792,7.0,0.11314285714285717,1.456,2,No,"{'No': 37, 'Yes': 13}"
9.08,50,0.0,0.0,0.0,0.0,6,Other,"{'Other': 4, 'Sibling': 3, 'Parent': 2, 'Grandparent': 2, 'Sibling|Grandparent': 1, 'Parent|Sibling': 1}"
9.09,50,0.0,0.0,0.0,0.0,13,53,"{'53': 1, '66': 1, '71|55': 1, '67': 1, '71': 1, '61|71': 1, '47': 1, '74': 1, '80': 1, '54': 1, '76': 1, '37': 1, '78': 1}"
9.10,50,0.8080000000000002,7.0,0.11542857142857142,1.3439999999999999,2,No,"{'No': 38, 'Yes': 12}"
9.11,50,0.0,0.0,0.0,0.0,7,Grandparent,"{'Grandparent': 5, 'Other': 2, 'Parent|Grandparent': 1, 'Parent': 1, 'Sibling': 1, 'Grandparent|Parent': 1, 'Other|Grandparent': 1}"
9.12,50,0.0,0.0,0.0,0.0,11,56,"{'56': 2, '52|70': 1, '78': 1, '69': 1, '67': 1, '61': 1, '37|49': 1, '42': 1, '80': 1, '60': 1, '61|78': 1}"
9.13,50,0.8560000000000001,7.0,0.12228571428571429,1.008,2,No,"{'No': 41, 'Yes': 9}"
9.14,50,0.0,0.0,0.0,0.0,4,Grandparent,"{'Grandparent': 3, 'Other': 3, 'Sibling': 2, 'Grandparent|Parent': 1}"
9.15,50,0.0,0.0,0.0,0.0,9,44,"{'44': 1, '75|58': 1, '47': 1, '46': 1, '40': 1, '45': 1, '56': 1, '69': 1, '61': 1}"
9.16,50,0.8080000000000002,7.0,0.11542857142857141,1.344,2,No,"{'No': 38, 'Yes': 12}"
9.17,50,0.0,0.0,0.0,0.0,8,Parent,"{'Parent': 3, 'Other': 2, 'Grandparent': 2, 'Grandparent|Parent': 1, 'Sibling': 1, 'Grandparent|Sibling': 1, 'Other|Parent': 1, 'Sibling|Grandparent': 1}"
9.18,50,0.0,0.0,0.0,0.0,12,36|58,"{'36|58': 1, '41': 1, '58|35': 1, '69': 1, '77': 1, '59': 1, '70': 1, '48': 1, '48|49': 1, '72': 1, '54|49': 1, '78': 1}"
9.19,50,0.8080000000000002,5.0,0.1616,0.96,2,No,"{'No': 38, 'Yes': 12}"
9.20,50,0.0,0.0,0.0,0.0,7,Grandparent,"{'Grandparent': 4, 'Sibling': 3, 'Parent|Grandparent': 1, 'Sibling|Other': 1, 'Parent': 1, 'Other': 1, 'Other|Sibling': 1}"
9.21,50,0.0,0.0,0.0,0.0,10,80,"{'80': 2, '76': 2, '40': 1, '55|66': 1, '54|52': 1, '45': 1, '37': 1, '59': 1, '75': 1, '47|66': 1}"
9.22,50,0.8080000000000002,5.0,0.1616,0.96,2,No,"{'No': 38, 'Yes': 12}"
9.23,50,0.0,0.0,0.0,0.0,4,Leukemia,"{'Leukemia': 4, 'Other': 3, 'Pancreatic Cancer': 3, 'Lung Cancer': 2}"
9.24,50,0.0,0.0,0.0,0.0,7,Grandparent|Parent,"{'Grandparent|Parent': 3, 'Other': 2, 'Parent': 2, 'Grandparent': 2, 'Sibling': 1, 'Sibling|Grandparent': 1, 'Other|Sibling': 1}"
9.25,50,0.0,0.0,0.0,0.0,11,74,"{'74': 2, '43': 1, '52|66': 1, '38|50': 1, '78|62': 1, '64': 1, '54': 1, '50|45': 1, '58|62': 1, '70': 1, '47': 1}"
9.26,50,0.904,7.0,0.12914285714285714,0.6719999999999999,2,No,"{'No': 44, 'Yes': 6}"
9.27,50,0.0,0.0,0.0,0.0,5,Other,"{'Other': 2, 'Sibling': 1, 'Other|Sibling': 1, 'Parent': 1, 'Parent|Sibling': 1}"
9.28,50,0.0,0.0,0.0,0.0,6,42,"{'42': 1, '66': 1, '46': 1, '73|66': 1, '79': 1, '63|59': 1}"
9.29,50,0.7760000000000001,7.0,0.11085714285714288,1.5679999999999998,2,No,"{'No': 36, 'Yes': 14}"
9.30,50,0.0,0.0,0.0,0.0,7,Parent,"{'Parent': 4, 'Sibling': 3, 'Grandparent': 2, 'Other': 2, 'Parent|Other': 1, 'Other|Grandparent': 1, 'Other|Parent': 1}"
9.31,50,0.0,0.0,0.0,0.0,14,75|48,"{'75|48': 1, '61': 1, '69': 1, '57': 1, '50': 1, '72|55': 1, '68': 1, '55': 1, '75': 1, '37': 1, '60|48': 1, '42': 1, '63': 1, '70': 1}"
9.32,50,0.84,5.0,0.16799999999999998,0.8,2,No,"{'No': 40, 'Yes': 10}"
9.33,50,0.0,0.0,0.0,0.0,5,Sibling,"{'Sibling': 3, 'Parent': 3, 'Other': 2, 'Parent|Grandparent': 1, 'Other|Parent': 1}"
9.34,50,0.0,0.0,0.0,0.0,9,39,"{'39': 2, '60|71': 1, '61': 1, '70': 1, '51': 1, '57': 1, '65': 1, '45|60': 1, '75': 1}"
9.35,50,0.84,5.0,0.16799999999999998,0.8,2,No,"{'No': 40, 'Yes': 10}"
9.36,50,0.0,0.0,0.0,0.0,6,Other,"{'Other': 4, 'Parent': 2, 'Sibling': 1, 'Parent|Grandparent': 1, 'Parent|Sibling': 1, 'Grandparent': 1}"
9.37,50,0.0,0.0,0.0,0.0,9,70,"{'70': 2, '45': 1, '51': 1, '75': 1, '77': 1, '59|68': 1, '79': 1, '60|80': 1, '39': 1}"
9.38,50,0.84,5.0,0.16799999999999998,0.8,2,No,"{'No': 40, 'Yes': 10}"
9.39,50,0.0,0.0,0.0,0.0,2,Kidney disease (Sibling),"{'Kidney disease (Sibling)': 6, 'Rare disease (Other)': 4}"
9.40,50,0.9039999999999999,10.0,0.0904,0.96,2,No,"{'No': 44, 'Yes': 6}"
9.41,50,0.0,0.0,0.0,0.0,6,38.0,"{38.0: 1, 23.0: 1, 27.0: 1, 58.0: 1, 41.0: 1, 48.0: 1}"
9.42,50,0.8560000000000001,10.0,0.08559999999999998,1.44,2,No,"{'No': 41, 'Yes': 9}"
9.43,50,0.0,0.0,0.0,0.0,9,32.0,"{32.0: 1, 51.0: 1, 30.0: 1, 50.0: 1, 65.0: 1, 33.0: 1, 61.0: 1, 69.0: 1, 62.0: 1}"
9.44,50,0.8720000000000002,10.0,0.08719999999999999,1.28,2,No,"{'No': 42, 'Yes': 8}"
9.45,50,0.0,0.0,0.0,0.0,7,66.0,"{66.0: 2, 36.0: 1, 42.0: 1, 67.0: 1, 65.0: 1, 45.0: 1, 54.0: 1}"
9.46,50,0.856,10.0,0.08559999999999998,1.44,2,No,"{'No': 41, 'Yes': 9}"
9.47,50,0.0,0.0,0.0,0.0,9,46.0,"{46.0: 1, 45.0: 1, 68.0: 1, 70.0: 1, 32.0: 1, 23.0: 1, 33.0: 1, 34.0: 1, 60.0: 1}"
9.48,50,0.888,10.0,0.08879999999999999,1.12,2,No,"{'No': 43, 'Yes': 7}"
9.49,50,0.0,0.0,0.0,0.0,7,26.0,"{26.0: 1, 49.0: 1, 55.0: 1, 60.0: 1, 52.0: 1, 21.0: 1, 36.0: 1}"
9.50,50,0.9519999999999998,10.0,0.09519999999999999,0.48,2,No,"{'No': 47, 'Yes': 3}"
9.51,50,0.0,0.0,0.0,0.0,3,46.0,"{46.0: 1, 44.0: 1, 20.0: 1}"
9.52,50,0.8560000000000001,10.0,0.08559999999999998,1.44,2,No,"{'No': 41, 'Yes': 9}"
9.53,50,0.0,0.0,0.0,0.0,8,37.0,"{37.0: 2, 54.0: 1, 51.0: 1, 55.0: 1, 63.0: 1, 61.0: 1, 62.0: 1, 67.0: 1}"
9.54,50,0.84,10.0,0.08399999999999999,1.6,2,No,"{'No': 40, 'Yes': 10}"
9.55,50,0.0,0.0,0.0,0.0,2,Bladder cancer age 62,"{'Bladder cancer age 62': 7, 'Skin cancer age 49': 3}"
9.56,50,0.856,10.0,0.08559999999999998,1.44,2,No,"{'No': 41, 'Yes': 9}"
9.57,50,0.0,0.0,0.0,0.0,8,39.0,"{39.0: 2, 47.0: 1, 41.0: 1, 58.0: 1, 30.0: 1, 64.0: 1, 49.0: 1, 63.0: 1}"
9.58,50,0.872,10.0,0.08719999999999999,1.28,2,No,"{'No': 42, 'Yes': 8}"
9.59,50,0.0,0.0,0.0,0.0,3,Celiac disease age 29,"{'Celiac disease age 29': 4, 'Rheumatoid arthritis age 40': 3, 'Lupus age 35': 1}"
9.60,50,0.8240000000000001,10.0,0.08239999999999999,1.76,2,No,"{'No': 39, 'Yes': 11}"
9.61,50,0.0,0.0,0.0,0.0,3,Bipolar disorder age 30,"{'Bipolar disorder age 30': 4, 'PTSD age 41': 4, 'Major depression age 27': 3}"
9.62,50,0.856,10.0,0.08559999999999998,1.44,2,No,"{'No': 41, 'Yes': 9}"
9.63,50,0.0,0.0,0.0,0.0,2,Alcohol use disorder age 32,"{'Alcohol use disorder age 32': 7, 'Opioid use disorder age 25': 2}"
9.64,50,0.8080000000000002,10.0,0.08079999999999998,1.92,2,No,"{'No': 38, 'Yes': 12}"
9.65,50,0.0,0.0,0.0,0.0,3,Kidney disease age 55,"{'Kidney disease age 55': 5, 'Liver disease age 60': 4, 'Hypertension age 37': 3}"
