identifier,ui_display,symbol,unit_type,base_unit_identifier,conversion_factor,healthkit_unit,is_display_unit,data_units_ref,intake_markers,intake_metrics,metric_types,calculated_metrics
grams_per_kg,g/kg,g/kg,mass,,,HKUnit.gram().unitDivided(by: HKUnit.kilogram()),checked,,,,dietary_protein_grams,protein_per_kg
gram,Grams,g,mass,,,HKUnit.gram(),checked,Grams (g),,,"dietary_fiber_grams, dietary_protein_grams, dietary_added_sugar, dietary_saturated_fat_grams",
milligram,Milligrams,mg,mass,gram,0.001,HKUnit.gramUnit(with: .milli),checked,Milligrams (mg),,,dietary_caffeine_amount,
milligrams_per_deciliter,mg/dL,mg/dL,mass,,,HKUnit.milligramUnit(with: .none).unitDivided(by: HKUnit.literUnit(with: .deci)),checked,Milligrams per Deciliter (mg/dL),"Optimal_total_cholesterol, Borderline_High_total_cholesterol, High_total_cholesterol, Optimal_ldl, Near_Optimal_ldl, Borderline_High_ldl, High_ldl, Very_High_ldl, Critically_High_ldl, Critically_Low_hdl_male, Suboptimal_Low_hdl_male, Optimal_hdl_male, Suboptimal_High_hdl_male, Critically_High_hdl_male, Critically_Low_hdl_female, Suboptimal_Low_hdl_female, Optimal_hdl_female, Suboptimal_High_hdl_female, Critically_High_hdl_female, Optimal_triglycerides, Near_Optimal_triglycerides, Borderline_High_triglycerides, High_triglycerides, Very_High_triglycerides, Critically_High_triglycerides, Optimal_apob, Borderline_High_apob, High_apob, Very_High_apob, Critically_High_apob, Severe_Deficiency_magnesium_rbc, Suboptimal_magnesium_rbc, In_Range_magnesium_rbc, Optimal_magnesium_rbc, Critically_Low_fasting_glucose, Suboptimal_Low_fasting_glucose, In_Range_(Low)_fasting_glucose, Optimal_fasting_glucose, In_Range_(High)_fasting_glucose, Impaired_Fasting_Glucose_fasting_glucose, Diabetes_fasting_glucose, Critically_Low_uric_acid_male, Low_Uric_Acid_uric_acid_male, In_Range_(Low)_uric_acid_male, Optimal_uric_acid_male, In_Range_(High)_uric_acid_male, Mild_Hyperuricemia_uric_acid_male, Severe_Hyperuricemia_uric_acid_male, Critically_Low_uric_acid_female, Low_Uric_Acid_uric_acid_female, In_Range_(Low)_uric_acid_female, Optimal_uric_acid_female, In_Range_(High)_uric_acid_female, Mild_Hyperuricemia_uric_acid_female, Severe_Hyperuricemia_uric_acid_female, Critically_High_BUN_bun, Significantly_Elevated_bun, Mildly_Elevated_BUN_bun, In_Range_(High)_bun, Optimal_bun, In_Range_(low)_bun, Low_bun, Excessively_Low_bun, Critically_Low_Serum_Calcium_calcium_serum, Mildly_Low_Serum_Calcium_calcium_serum, Optimal_Serum_Calcium_calcium_serum, Mildly_Elevated_Serum_Calcium_calcium_serum, Critically_High_Serum_Calcium_calcium_serum, Critically_Low_Ionized_Calcium_calcium_ionized, Mildly_Low_Ionized_Calcium_calcium_ionized, Optimal_Ionized_Calcium_calcium_ionized, Mildly_Elevated_Ionized_Calcium_calcium_ionized, Critically_High_Ionized_Calcium_calcium_ionized, Low_creatinine_male_18_59, In_Range_Low_creatinine_male_18_59, Optimal_creatinine_male_18_59, In_Range_High_creatinine_male_18_59, High_creatinine_male_18_59, Low_creatinine_male_60+, In_Range_Low_creatinine_male_60+, Optimal_creatinine_male_60+, In_Range_High_creatinine_male_60+, High_creatinine_male_60+, Low_creatinine_female_18_59, In_Range_Low_creatinine_female_18_59, Optimal_creatinine_female_18_59, In_Range_High_creatinine_female_18_59, High_creatinine_female_18_59, Low_creatinine_female_60+, In_Range_Low_creatinine_female_60+, Optimal_creatinine_female_60+, In_Range_High_creatinine_female_60+, High_creatinine_female_60+",,,
nanomoles_per_liter,nmol/L,nmol/L,mass,,,HKUnit.moleUnit(with: .nano).unitDivided(by: HKUnit.liter()),checked,Nanomoles per Liter (nmol/L),"Optimal_lp(a), Borderline_High_lp(a), High_lp(a), Very_High_lp(a), Critically_Low_shbg_male, Low_shbg_male, Optimal_shbg_male, High_shbg_male, Critically_High_shbg_male, Critically_Low_shbg_female, Low_shbg_female, Optimal_shbg_female, High_shbg_female, Critically_High_shbg_female",,,
nanograms_per_milliliter,ng/mL,ng/mL,mass,,,HKUnit.gramUnit(with: .nano).unitDivided(by: HKUnit.literUnit(with: .milli)),checked,Nanograms per Milliliter (ng/mL),"Deficient_vitamin_d, Insufficient_vitamin_d, Sufficient_vitamin_d, Optimal_vitamin_d, Elevated_vitamin_d, High_vitamin_d, Toxic_vitamin_d, Deficient_serum_ferritin, Suboptimal_Low_serum_ferritin, Optimal_serum_ferritin, Suboptimal_High_serum_ferritin, High_serum_ferritin, Excess_serum_ferritin, Severe_Deficiency_folate_serum, Mild_Deficiency_folate_serum, In_Range_(Low)_folate_serum, Optimal_folate_serum, In_Range_(High)_folate_serum, Excessive_Folate_folate_serum, Severe_Deficiency_folate_rbc, Mild_Deficiency_folate_rbc, In_Range_(Low)_folate_rbc, Optimal_folate_rbc, In_Range_(High)_folate_rbc, Excessive_Folate_folate_rbc, Expected_Low_progesterone_follicular_premenopausal, Unusually_High_progesterone_follicular_premenopausal, Very_High_progesterone_follicular_premenopausal, Suboptimal_progesterone_ovulatory_premenopausal, Optimal_progesterone_ovulatory_premenopausal, Elevated_progesterone_ovulatory_premenopausal, Excessive_progesterone_ovulatory_premenopausal, Low_progesterone_luteal_premenopausal, Optimal_progesterone_luteal_premenopausal, High_progesterone_luteal_premenopausal, Excessive_progesterone_luteal_premenopausal, Very_Low_progesterone_postmenopausal, Suboptimal_progesterone_postmenopausal, Optimal_progesterone_postmenopausal, Elevated_progesterone_postmenopausal, Excessive_progesterone_postmenopausal, Critically_Low_ferritin_male, Low_ferritin_male, Suboptimal_Low_ferritin_male, Optimal_ferritin_male, Suboptimal_High_ferritin_male, High_ferritin_male, Critically_High_ferritin_male, Critically_Low_ferritin_female, Low_ferritin_female, Suboptimal_Low_ferritin_female, Optimal_ferritin_female, Suboptimal_High_ferritin_female, High_ferritin_female, Critically_High_ferritin_female, Critically_Low_ferritin_athlete, Low_ferritin_athlete, Suboptimal_Low_ferritin_athlete, Optimal_ferritin_athlete, Suboptimal_High_ferritin_athlete, High_ferritin_athlete, Critically_High_ferritin_athlete",,,
micrograms_per_deciliter,μg/dL,µg/dL,mass,,,HKUnit.gramUnit(with: .micro).unitDivided(by: HKUnit.literUnit(with: .deci)),checked,Micrograms per Deciliter (µg/dL),"Low_total_iron_binding_capacity, Borderline_Low_total_iron_binding_capacity, In_Range_(Low)_total_iron_binding_capacity, Optimal_total_iron_binding_capacity, In_Range_(High)_total_iron_binding_capacity, Borderline_High_total_iron_binding_capacity, High_total_iron_binding_capacity, Extremely_Low_cortisol_morning, Low_Morning_Cortisol_cortisol_morning, In_Range_(Low)_cortisol_morning, Optimal_cortisol_morning, In_Range_(High)_cortisol_morning, High_Morning_Cortisol_cortisol_morning, Extremely_High_cortisol_morning, Extremely_Low_cortisol_afternoon, Low_Afternoon_Cortisol_cortisol_afternoon, In_Range_(Low)_cortisol_afternoon, Optimal_cortisol_afternoon, Elevated_cortisol_afternoon, Extremely_High_cortisol_afternoon, Optimal_cortisol_night, Mildly_Elevated_cortisol_night, High_Nighttime_Cortisol_cortisol_night, Excessively_High_cortisol_night, Critically_Low_DHEA_S_dhea_s_female, Mildly_Low_DHEA_S_dhea_s_female, Optimal_dhea_s_female, Mildly_Elevated_DHEA_S_dhea_s_female, Critically_High_DHEA_S_dhea_s_female, Critically_Low_DHEA_S_dhea_s_male, Mildly_Low_DHEA_S_dhea_s_male, Optimal_dhea_s_male, Mildly_Elevated_DHEA_S_dhea_s_male, Critically_High_DHEA_S_dhea_s_male, Critically_Low_iron, Low_iron, Suboptimal_Low_iron, Optimal_iron, Suboptimal_High_iron, High_iron, Critically_High_iron",,,
milligrams_per_liter,mg/L,mg/L,mass,,,HKUnit.milligramUnit().unitDivided(by: HKUnit.liter()),checked,Milligrams per Liter (mg/L),"Optimal_hscrp, Low_Risk_hscrp, Moderate_Risk_hscrp, High_Risk_hscrp, Very_High_Risk_hscrp, Very_High_Cystatin_C_cystatin_c, Moderate_Severe_Kidney_Dysfunction_cystatin_c, Mild_Elevation_cystatin_c, In_Range_cystatin_c, Optimal_cystatin_c, Low_cystatin_c, Excessively_Low_cystatin_c",,,
micro_international_units_per_milliliter,μIU/mL,µU/mL,mass,,,HKUnit.internationalUnit().unitMultiplied(by: HKUnit.milli).unitDivided(by: HKUnit.literUnit(with: .milli)),checked,Micro–International Units per Milliliter (µU/mL),"Critically_Low_fasting_insulin, Suboptimal_Low_fasting_insulin, Optimal_fasting_insulin, In_Range_fasting_insulin, Elevated_fasting_insulin, High_fasting_insulin, Severe_Elevation_fasting_insulin",,,
units_per_liter,U/L,U/L,mass,,,HKUnit.internationalUnit().unitDivided(by: HKUnit.liter()),checked,Units per Liter (U/L),"Critically_Low_alt_male, Optimal_alt_male, In_Range_alt_male, Mild_Elevation_alt_male, Moderate_Elevation_alt_male, Severe_Elevation_alt_male, Critically_High_alt_male, Critically_Low_alt_female, Optimal_alt_female, In_Range_alt_female, Mild_Elevation_alt_female, Moderate_Elevation_alt_female, Severe_Elevation_alt_female, Critically_High_alt_female, Very_High_ggt_male, High_ggt_male, Moderately_Elevated_ggt_male, Mildly_Elevated_ggt_male, Optimal_ggt_male, Very_High_ggt_female, High_ggt_female, Moderately_Elevated_ggt_female, Mildly_Elevated_ggt_female, Optimal_ggt_female, Critically_Low_alkaline_phosphatase, Suboptimal_Low_alkaline_phosphatase, Optimal_alkaline_phosphatase, Mildly_Elevated_alkaline_phosphatase, Moderately_Elevated_alkaline_phosphatase, High_alkaline_phosphatase, Critically_High_alkaline_phosphatase, Critically_High_ast_male, Severely_Elevated_ast_male, Moderately_Elevated_ast_male, Mildly_Elevated_ast_male, Optimal_ast_male, Suboptimal_Low_ast_male, Critically_Low_ast_male, Critically_High_ast_female, Severely_Elevated_ast_female, Moderately_Elevated_ast_female, Mildly_Elevated_ast_female, Optimal_ast_female, Suboptimal_Low_ast_female, Critically_Low_ast_female, Critically_High_ck_male, Severely_Elevated_ck_male, Moderately_Elevated_ck_male, Mildly_Elevated_ck_male, Optimal_ck_male, Suboptimal_Low_ck_male, Critically_Low_ck_male, Critically_High_ck_female, Severely_Elevated_ck_female, Moderately_Elevated_ck_female, Mildly_Elevated_ck_female, Optimal_ck_female, Suboptimal_Low_ck_female, Critically_Low_ck_female, Critically_High_ck_athlete, Severely_Elevated_ck_athlete, Moderately_Elevated_ck_athlete, Mildly_Elevated_ck_athlete, Optimal_ck_athlete, Suboptimal_Low_ck_athlete, Critically_Low_ck_athlete",,,
nanograms_per_deciliter,ng/dL,ng/dL,mass,,,HKUnit.gramUnit(with: .nano).unitDivided(by: HKUnit.literUnit(with: .deci)),checked,Nanograms per Deciliter (ng/dL),"Severely_Low_Testosterone_testosterone_male, Borderline_Low_testosterone_male, In_Range_(Low)_testosterone_male, In_Range_(High)_testosterone_male, Borderline_High_testosterone_male, Excessively_High_testosterone_male, Optimal_testosterone_male, Severely_Low_testosterone_female, Borderline_Low_testosterone_female, Optimal_testosterone_female, In_Range_(High)_testosterone_female, Borderline_High_testosterone_female, Excessively_High_testosterone_female, Critically_Low_free_testosterone_male, Low_free_testosterone_male, Normal_free_testosterone_male, Optimal_free_testosterone_male, High_free_testosterone_male, Critically_High_free_testosterone_male, Critically_Low_free_testosterone_female, Low_free_testosterone_female, Optimal_free_testosterone_female, High_free_testosterone_female, Critically_High_free_testosterone_female",,,
grams_per_deciliter,g/dL,g/dL,mass,,,HKUnit.gram().unitDivided(by: HKUnit.literUnit(with: .deci)),checked,Grams per Deciliter (g/dL),"Severe_Hypoalbuminemia_albumin, Hypoalbuminemia_albumin, Mildly_Low_albumin, In_Range_(Low)_albumin, Optimal_albumin, High_albumin, Very_High_albumin, Severe_Hypoproteinemia_serum_protein, Mildly_Low_serum_protein, In_Range_(Low)_serum_protein, Normal_serum_protein, Optimal_serum_protein, High_Normal_serum_protein, Hyperproteinemia_serum_protein, Severe_Anemia_hemoglobin_male, Mild_Anemia_hemoglobin_male, In_Range_hemoglobin_male, Optimal_hemoglobin_male, High_Normal_hemoglobin_male, Excessively_High_Hgb_hemoglobin_male, Severe_Anemia_hemoglobin_female, Mild_Anemia_hemoglobin_female, In_Range_hemoglobin_female, Optimal_hemoglobin_female, High_Normal_hemoglobin_female, Excessively_High_Hgb_hemoglobin_female, Severe_Anemia_hgb_ckd, Suboptimal_hgb_ckd, Optimal_hgb_ckd, In_Range_(Slightly_High)_hgb_ckd, Excessively_High_hgb_ckd, Critically_Low_mchc, Low_mchc, Suboptimal_Low_mchc, Optimal_mchc, Suboptimal_High_mchc, High_mchc, Critically_High_mchc",,,
picograms_per_milliliter,pg/mL,pg/mL,mass,,,HKUnit.gramUnit(with: .pico).unitDivided(by: HKUnit.literUnit(with: .milli)),checked,Picograms per Milliliter (pg/mL),"Severe_Deficiency_vitamin_b12, Mild_Deficiency_vitamin_b12, In_Range_(Low)_vitamin_b12, Optimal_vitamin_b12, In_Range_(High)_vitamin_b12, High_vitamin_b12, Excessively_High_vitamin_b12, Low_estradiol_follicular_premenopausal_female, Suboptimal_estradiol_follicular_premenopausal_female, Optimal_estradiol_follicular_premenopausal_female, Elevated_estradiol_follicular_premenopausal_female, Excessive_estradiol_follicular_premenopausal_female, Low_estradiol_ovulatory_premenopausal, Suboptimal_estradiol_ovulatory_premenopausal, Optimal_estradiol_ovulatory_premenopausal, Elevated_estradiol_ovulatory_premenopausal, Excessive_estradiol_ovulatory_premenopausal, Low_estradiol_luteal_premenopausal, Suboptimal_estradiol_luteal_premenopausal, Optimal_estradiol_luteal_premenopausal, Elevated_estradiol_luteal_premenopausal, Excessive_estradiol_luteal_premenopausal, Critically_Low_estradiol_postmenopausal, Low_estradiol_postmenopausal, Suboptimal_estradiol_postmenopausal, Optimal_estradiol_postmenopausal, Elevated_estradiol_postmenopausal, Excessive_estradiol_postmenopausal, Optimal_estradiol_male, In_Range_(Low)_estradiol_male, In_Range_(High)_estradiol_male, Elevated_estradiol_male, Very_Low_estradiol_male",,,
kilogram,Kilograms,kg,mass,gram,1000,HKUnit.kilogram(),checked,Kilograms (kg),,"optimal_gripstrength_male_20s, moderate_gripstrength_male_20s, low_gripstrength_male_20s, optimal_gripstrength_male_30s, moderate_gripstrength_male_30s, low_gripstrength_male_30s, optimal_gripstrength_male_40s, moderate_gripstrength_male_40s, low_gripstrength_male_40s, optimal_gripstrength_male_50s, moderate_gripstrength_male_50s, low_gripstrength_male_50s, optimal_gripstrength_male_60s, moderate_gripstrength_male_60s, low_gripstrength_male_60s, optimal_gripstrength_male_70s, moderate_gripstrength_male_70s, low_gripstrength_male_70s, optimal_gripstrength_female_20s, moderate_gripstrength_female_20s, low_gripstrength_female_20s, optimal_gripstrength_female_30s, moderate_gripstrength_female_30s, low_gripstrength_female_30s, optimal_gripstrength_female_40s, moderate_gripstrength_female_40s, low_gripstrength_female_40s, optimal_gripstrength_female_50s, moderate_gripstrength_female_50s, low_gripstrength_female_50s, optimal_gripstrength_female_60s, moderate_gripstrength_female_60s, low_gripstrength_female_60s, optimal_gripstrength_female_70s, moderate_gripstrength_female_70s, low_gripstrength_female_70s, optimal_gripstrength_male_80s, moderate_gripstrength_male_80s, low_gripstrength_male_80s, optimal_gripstrength_male_90s, moderate_gripstrength_male_90s, low_gripstrength_male_90s, optimal_gripstrength_female_60s, moderate_gripstrength_female_60s, low_gripstrength_female_60s, optimal_gripstrength_female_70s, moderate_gripstrength_female_70s, low_gripstrength_female_70s","grip_strength, body_weight, lean_body_mass",
pound,Pounds,lbs,mass,kilogram,0.453592,HKUnit.pound(),checked,Pounds (lbs),,,,
microgram,Micrograms,µg,mass,gram,0.000001,HKUnit.gramUnit(with: .micro),checked,Micrograms (µg),,,,
international_unit,International Units,IU,mass,,,HKUnit.internationalUnit(),checked,International Units (IU),,,,
millimoles_per_liter,mmol/L,mmol/L,mass,,,HKUnit.moleUnit(with: .milli).unitDivided(by: HKUnit.liter()),checked,Millimoles per Liter (mmol/L),"Severe_Hyponatremia_sodium, Mild_Hyponatremia_sodium, Suboptimal_Low_sodium, Optimal_sodium, Suboptimal_High_sodium, Mild_Hypernatremia_sodium, Severe_Hypernatremia_sodium, Severe_Hypokalemia_potassium, Mild_Hypokalemia_potassium, Suboptimal_Low_potassium, Optimal_potassium, Suboptimal_High_potassium, Mild_Hyperkalemia_potassium, Severe_Hyperkalemia_potassium",,,
micromoles_per_liter,μmol/L,µmol/L,mass,,,HKUnit.moleUnit(with: .micro).unitDivided(by: HKUnit.liter()),checked,Micromoles per Liter (µmol/L),"Extremely_High_homocysteine, Moderate_Elevation_homocysteine, Mild_Elevation_homocysteine, In_Range_homocysteine, Optimal_homocysteine, Low_homocysteine, Extremely_Low_homocysteine",,,
micrograms_per_day,μg/day,µg/day,mass,,,HKUnit.gramUnit(with: .micro).unitDivided(by: HKUnit.day()),checked,Micrograms per Day (µg/day),"Critically_Low_cortisol_24hr_urine, Low_Cortisol_Output_cortisol_24hr_urine, Optimal_cortisol_24hr_urine, Mild_Elevation_cortisol_24hr_urine, Moderate_Elevation_cortisol_24hr_urine, High_cortisol_24hr_urine, Excessively_High_cortisol_24hr_urine",,,
milli_international_units_per_liter,mIU/L,mIU/L,mass,,,HKUnit.internationalUnit().unitMultiplied(by: HKUnit.milli).unitDivided(by: HKUnit.liter()),checked,Milli–International Units per Liter (mIU/L),"Clinical_Hyperthyroid_tsh_general, Subclinical_Hyperthyroid_tsh_general, In_Range_(Low)_tsh_general, Optimal_tsh_general, In_Range_(High)_tsh_general, Subclinical_Hypothyroid_tsh_general, Clinical_Hypothyroid_tsh_general, Clinical_Hyperthyroid_tsh_elderly, Subclinical_Hyperthyroid_tsh_elderly, In_Range_(Low)_tsh_elderly, Optimal_tsh_elderly, In_Range_(High)_tsh_elderly, Subclinical_Hypothyroid_tsh_elderly, Clinical_Hypothyroid_tsh_elderly, Clinical_Hyperthyroid_tsh_pregnancy, Borderline_Low_tsh_pregnancy, Optimal_tsh_pregnancy, Borderline_High_tsh_pregnancy, Subclinical_Hypothyroid_tsh_pregnancy, Clinical_Hypothyroid_tsh_pregnancy",,,
picograms_per_cell,pg/cell,pg/cell,mass,,,HKUnit.gramUnit(with: .pico).unitDivided(by: HKUnit.count()),checked,Picograms per Cell (pg/cell),"Critically_Low_mch, Low_mch, Suboptimal_Low_mch, Optimal_mch, Suboptimal_High_mch, High_mch, Critically_High_mch",,,
kilograms_per_square_meter,kg/m²,kg/m²,mass,,,HKUnit.kilogram().unitDivided(by: HKUnit.meter().unitRaised(toPower: 2)),checked,Kilograms per Square Meter (kg/m²),,"Critically_Low_bmi, Low_bmi, Suboptimal_Low_bmi, Optimal_bmi, Suboptimal_High_bmi, High_bmi, Critically_High_bmi",bmi,bmi_calculated
stone,Stone,st,mass,kilogram,6.35029,HKUnit.stone(),checked,,,,,
mole,Moles,mol,mass,,,HKUnit.moleUnit(withMolarMass: 1.0),checked,,,,,
grams_per_serving,Grams per Serving,g/serving,mass,,,HKUnit.gram().unitDivided(by: HKUnit.count()),checked,,,,,
nanogram,Nanograms,ng,mass,gram,0,HKUnit.gramUnit(with: .nano),checked,,,,,
picogram,Picograms,pg,mass,gram,0,HKUnit.gramUnit(with: .pico),checked,,,,,
inch,Inches,in,volume,meter,0.0254,HKUnit.inch(),checked,Inches (in),,,,
yard,Yards,yd,volume,meter,0.9144,HKUnit.yard(),checked,Yards (yd),,,,
milliliter,Milliliters,mL,volume,,,HKUnit.literUnit(with: .milli),checked,Milliliters (mL),,,dietary_water,
meter,Meters,m,volume,,,HKUnit.meter(),checked,Meters (m),,,,
mile,Miles,mi,volume,meter,1609.34,HKUnit.mile(),checked,Miles (mi),,,,
kilometer,Kilometers,km,volume,meter,1000,HKUnit.meterUnit(with: .kilo),checked,Kilometers (km),,,,
centimeter,Centimeters,cm,volume,meter,0.01,HKUnit.meterUnit(with: .centi),checked,Centimeters (cm),,,height,
liters_per_minute,L/min,L/min,volume,,,HKUnit.liter().unitDivided(by: HKUnit.minute()),checked,Liters per Minute (L/min),,,,
teaspoon,Teaspoons,tsp,volume,milliliter,4.92892,HKUnit.teaspoon(),checked,Teaspoons (tsp),,,,
tablespoon,Tablespoons,tbsp,volume,milliliter,14.7868,HKUnit.tablespoon(),checked,Tablespoons (tbsp),,,,
cup,Cups,cups,volume,milliliter,236.588,HKUnit.cupUS(),checked,Cups,,,,
femtoliter,Femtoliters,fL,volume,liter,0,HKUnit.literUnit(with: .femto),checked,Femtoliters (fL),"Critically_Low_mcv, Low_mcv, Suboptimal_Low_mcv, Optimal_mcv, Suboptimal_High_mcv, High_mcv, Critically_High_mcv",,,
milliliters_per_kilogram_per_minute,mL/kg/min,mL/kg/min,volume,,,HKUnit.literUnit(with: .milli).unitDivided(by: HKUnit.kilogram()).unitDivided(by: HKUnit.minute()),checked,Milliliters per Kilogram per Minute (mL/kg/min),,"Critically_Low_vo2_max_male_20s, Low_vo2_max_male_20s, Suboptimal_vo2_max_male_20s, Optimal_vo2_max_male_20s, Critically_Low_vo2_max_male_30s, Low_vo2_max_male_30s, Suboptimal_vo2_max_male_30s, Optimal_vo2_max_male_30s, Critically_Low_vo2_max_male_40s, Low_vo2_max_male_40s, Suboptimal_vo2_max_male_40s, Optimal_vo2_max_male_40s, Critically_Low_vo2_max_male_50s, Low_vo2_max_male_50s, Suboptimal_vo2_max_male_50s, Optimal_vo2_max_male_50s, Critically_Low_vo2_max_male_60s, Low_vo2_max_male_60s, Suboptimal_vo2_max_male_60s, Optimal_vo2_max_male_60s, Critically_Low_vo2_max_male_70s, Low_vo2_max_male_70s, Suboptimal_vo2_max_male_70s, Optimal_vo2_max_male_70s, Critically_Low_vo2_max_female_20s, Low_vo2_max_female_20s, Suboptimal_vo2_max_female_20s, Optimal_vo2_max_female_20s, Critically_Low_vo2_max_female_30s, Low_vo2_max_female_30s, Suboptimal_vo2_max_female_30s, Optimal_vo2_max_female_30s, Critically_Low_vo2_max_female_40s, Low_vo2_max_female_40s, Suboptimal_vo2_max_female_40s, Optimal_vo2_max_female_40s, Critically_Low_vo2_max_female_50s, Low_vo2_max_female_50s, Suboptimal_vo2_max_female_50s, Optimal_vo2_max_female_50s, Critically_Low_vo2_max_female_60s, Low_vo2_max_female_60s, Suboptimal_vo2_max_female_60s, Optimal_vo2_max_female_60s, Critically_Low_vo2_max_female_70s, Low_vo2_max_female_70s, Suboptimal_vo2_max_female_70s, Optimal_vo2_max_female_70s, Critically_Low_vo2_max_male_80s, Low_vo2_max_male_80s, Suboptimal_vo2_max_male_80s, Optimal_vo2_max_male_80s, Critically_Low_vo2_max_male_90s, Low_vo2_max_male_90s, Suboptimal_vo2_max_male_90s, Optimal_vo2_max_male_90s, Critically_Low_vo2_max_female_80s, Low_vo2_max_female_80s, Suboptimal_vo2_max_female_80s, Optimal_vo2_max_female_80s, Critically_Low_vo2_max_female_90s, Low_vo2_max_female_90s, Suboptimal_vo2_max_female_90s, Optimal_vo2_max_female_90s",vo2_max,
milliliters_per_minute_per_1_73_m2,mL/min/1.73m²,mL/min/1.73 m²,volume,,,HKUnit.literUnit(with: .milli).unitDivided(by: HKUnit.minute()),checked,Milliliters per Minute per 1.73 m² (mL/min/1.73 m²),"Kidney_Failure_(ESRD)_egfr, Severe_Kidney_Dysfunction_egfr, Moderate_Kidney_Dysfunction_egfr, Mild_Kidney_Dysfunction_egfr, In_Range_egfr, Optimal_egfr",,,
fluid_ounce_imperial,Fluid Ounces (Imperial),fl_oz_imp,volume,milliliter,28.4131,HKUnit.fluidOunceImperial(),checked,,,,,
cup_imperial,Cups (Imperial),cup_imp,volume,milliliter,284.131,HKUnit.cupImperial(),checked,,,,,
pint_us,Pints (US),pt_us,volume,milliliter,473.176,HKUnit.pintUS(),checked,,,,,
pint_imperial,Pints (Imperial),pt_imp,volume,milliliter,568.261,HKUnit.pintImperial(),checked,,,,,
foot,Feet,ft,volume,meter,0.3048,HKUnit.foot(),checked,,,,,
millimeter,Millimeters,mm,volume,meter,0.001,HKUnit.meterUnit(with: .milli),checked,,,,,
deciliter,Deciliters,dL,volume,liter,0.1,HKUnit.literUnit(with: .deci),checked,,,,,
microliter,Microliters,μL,volume,liter,0.000001,HKUnit.literUnit(with: .micro),checked,,,,,
fluid_ounce,Fluid Ounces,fl oz,volume,milliliter,29.5735,HKUnit.fluidOunceUS(),checked,,,,,
liter,Liters,L,volume,milliliter,1000,HKUnit.liter(),checked,,,,,
serving,Servings,serving,count,,,HKUnit.count(),checked,Servings,,,"dietary_fiber, dietary_protein, dietary_vegetables, dietary_fruits, dietary_added_sugar_servings, dietary_processed_meat, dietary_whole_grain_servings, dietary_legume_servings, dietary_omega3_servings",
count,Count,count,count,,,HKUnit.count(),checked,count,,,"step_count, sleep_routine_adherence, gratitude_practice, flossing_adherence, skincare_routine, daily_sunscreen_use, supplement_adherence, evening_routine_adherence, wearable_tracking_protocol, daily_brushing_times",
billion_per_liter,Billion/L,×10⁹/L,count,,,HKUnit.count().unitDivided(by: HKUnit.liter()),checked,Billion per Liter (×10⁹/L),"Critically_Low_neut_lymph_ratio, Mildly_Low_neut_lymph_ratio, In_Range_(Low)_neut_lymph_ratio, Optimal_neut_lymph_ratio, In_Range_(High)_neut_lymph_ratio, Mildly_Elevated_neut_lymph_ratio, Critically_Elevated_neut_lymph_ratio, Critically_Low_homa_ir, Suboptimal_Low_homa_ir, Optimal_homa_ir, Mild_Resistance_homa_ir, Moderate_Resistance_homa_ir, Significant_Resistance_homa_ir, Diabetes_Risk_homa_ir, Critically_Low_platelet, Low_platelet, Suboptimal_Low_platelet, Optimal_platelet, Suboptimal_High_platelet, High_platelet, Critically_High_platelet",,,
per_microliter,per μL,/µL,count,,,HKUnit.count().unitDivided(by: HKUnit.literUnit(with: .micro)),checked,Per Microliter (/µL),"Very_Low_eosinophils, In_Range_(Low)_eosinophils, Optimal_eosinophils, In_Range_(High)_eosinophils, Mild_Eosinophilia_eosinophils, Moderate_Eosinophilia_eosinophils, Severe_Eosinophilia_eosinophils",,,
step,Steps,steps,count,,,HKUnit.count(),checked,Steps,,"critically_low_steps_per_day, low_steps_per_day, moderate_steps_per_day, in_range_steps_per_day, optimal_steps_per_day, high_steps_per_day, excessive_steps_per_day",,
flights_climbed,Flights Climbed,flights,count,,,HKUnit.count(),checked,Flights Climbed (flights),,,,
beats_per_minute,BPM,bpm,count,,,HKUnit.count().unitDivided(by: HKUnit.minute()),checked,Beats per Minute (bpm),,"Critically_Low_resting_hr, Low_resting_hr, Optimal_resting_hr, High_resting_hr, Critically_High_resting_hr",resting_heart_rate,
breaths_per_minute,Breaths per Minute,breaths/min,count,,,HKUnit.count().unitDivided(by: HKUnit.minute()),checked,Breaths per Minute (breaths/min),,,,
session,Sessions,session,count,,,HKUnit.count(),checked,Sessions,,,"breathwork_mindfulness_sessions, mobility_sessions, exercise_snacks, zone2_cardio_sessions, post_meal_activity, strength_training_sessions, hiit_sessions, daily_stress_management_practice",
meal,Meals,meals,count,,,HKUnit.count(),checked,Meals,,,"dietary_takeout_meals, daily_meals_count, daily_whole_food_meals, dietary_ultraprocessed_meals, dietary_plant_meals",
snack,Snacks,snacks,count,,,HKUnit.count(),checked,,,,daily_snacks_count,
cigarette,Cigarettes,cigarettes,count,,,HKUnit.count(),checked,Cigarettes,,,daily_smoking,
drink,Drinks,drinks,count,,,HKUnit.count(),checked,Drinks,,,alcohol_intake,
episode,Episodes,episodes,count,,,HKUnit.count(),checked,Episodes,,,mindful_eating_episodes,
stroke,Strokes,strokes,count,,,HKUnit.count(),checked,Strokes (strokes),,,,
puff,Puffs,puffs,count,,,HKUnit.count(),checked,Puffs,,,,
food,Foods,foods,count,,,HKUnit.count(),checked,Foods,,,,
million_per_microliter,Million/μL,million/µL,count,,,HKUnit.count().unitDivided(by: HKUnit.literUnit(with: .micro)),checked,Million per Microliter (million/µL),"Critically_Low_rbc_male, Low_rbc_male, Suboptimal_Low_rbc_male, Optimal_rbc_male, Suboptimal_High_rbc_male, High_rbc_male, Critically_High_rbc_male, Critically_Low_rbc_female, Low_rbc_female, Suboptimal_Low_rbc_female, Optimal_rbc_female, Suboptimal_High_rbc_female, High_rbc_female, Critically_High_rbc_female",,,
steps_per_minute,Steps per Minute,steps/min,count,,,HKUnit.count().unitDivided(by: HKUnit.minute()),checked,,,,,
sources,Sources,sources,count,,,HKUnit.count(),checked,Sources,,,"dietary_legume_sources, dietary_fiber_sources, dietary_fruit_sources, dietary_vegetable_sources, dietary_whole_grain_sources",
sets,Sets,sets,count,,,HKUnit.count(),checked,Sets,,,,
packs,Packs,packs,count,,,HKUnit.count(),checked,Packs,,,,
event,Events,event,count,,,HKUnit.count(),checked,Event,,,social_interactions,
times,Times,times,count,,,HKUnit.count(),checked,,,,,
timestamp,Timestamp,HH:MM,time,,,HKUnit.second().unitMultiplied(by: .hour()).unitMultiplied(by: .minute()),checked,,,,"last_meal_time, last_caffeine_time, last_large_meal_time, first_meal_time, device_cessation_time, last_alcohol_time, wake_time, sleep_time",
date_month_day,Date (MM/DD),MM/DD,time,,,HKUnit.day(),checked,Date (MM/DD),,,"mammogram_date, colonoscopy_date, skin_check_date, vision_check_date, dental_screening_date, physical_exam_date, psa_date, hpv_pap_date",
microsecond,Microseconds,μs,time,minute,0.000017,HKUnit.secondUnit(with: .micro),checked,,,,,
millisecond,Milliseconds,ms,time,minute,0.016667,HKUnit.secondUnit(with: .milli),checked,Milliseconds (ms),,"moderate_hrv, critically_low_hrv, low_hrv, optimal_hrv",heart_rate_variability,
second,Seconds,s,time,minute,0.016667,HKUnit.second(),checked,,,,,
minutes,Minutes,min,time,second,60,HKUnit.minute(),checked,Minutes (min),,"critically_low_rem_sleep, low_rem_sleep, moderate_rem_sleep, optimal_rem_sleep, critically_low_deep_sleep, low_deep_sleep, moderate_deep_sleep, optimal_deep_sleep, high_rem_sleep, critically_high_rem_sleep, high_deep_sleep, critically_high_deep_sleep","zone2_cardio_duration, strength_training_time, hiit_time, active_time_minutes, sedentary_time_minutes, mobility_time, post_meal_activity_minutes, journaling_time, outdoor_time_minutes, morning_outdoor_time, screen_time, brain_training_time, daily_walking_duration, social_interaction_time, morning_sunlight_exposure","sleep_time_consistency, wake_time_consistency"
hours,Hours,hr,time,minute,60,HKUnit.hour(),checked,Hours (hr),,"critically_low_total_sleep, low_total_sleep, moderate_total_sleep, optimal_total_sleep, high_total_sleep, critically_high_total_sleep",,eating_window_duration
hours_minutes,Time (HH:MM),H+M,time,,,HKUnit.hour().unitMultiplied(by: .minute()),checked,Time (Hours + Minutes),,,,"sleep_duration, first_meal_delay, last_meal_buffer"
day,Days,days,time,hour,24,HKUnit.day(),checked,Days,,,,
years,Years,years,time,day,365.25,HKUnit.day().unitMultiplied(by: 365.25),checked,,,,,user_age
months,Months,months,time,day,30.44,HKUnit.day().unitMultiplied(by: 30.44),checked,,,,,
years_months,Years and Months,Y+M,time,,,HKUnit.day(),checked,,,,,
years_months_days,"Years, Months, Days",Y-M-D,time,,,HKUnit.day(),checked,,,,,"years_since_colonoscopy, years_since_physical, years_since_psa_test, years_since_cervical_screening"
months_days,"Months, Days",M-D,time,,,HKUnit.day(),checked,,,,,"months_since_mammogram, months_since_skin_check, months_since_vision_check, months_since_dental_exam"
kilocalorie,Calories,kcal,energy,,,HKUnit.kilocalorie(),checked,Kilocalories (kcal),,,calories,
watts,Watts,W,energy,kilocalorie,0.000293,HKUnit.watt(),checked,Watts (W),,,,
joule,Joules,J,energy,kilocalorie,0.000239,HKUnit.joule(),checked,,,,,
kilojoule,Kilojoules,kJ,energy,joule,1000,HKUnit.jouleUnit(with: .kilo),checked,,,,,
large_calorie,Calories (Large),Cal,energy,kilocalorie,1,HKUnit.largeCalorie(),checked,,,,,
small_calorie,Calories (Small),cal,energy,kilocalorie,0.001,HKUnit.smallCalorie(),checked,,,,,
kilowatt,Kilowatts,kW,energy,watts,1000,HKUnit.wattUnit(with: .kilo),checked,,,,,
calories_per_gram,Calories per Gram,kcal/g,energy,,,HKUnit.kilocalorie().unitDivided(by: HKUnit.gram()),checked,,,,,
percent,Percent,%,percent,,,HKUnit.percent(),checked,Percent (%),"Critically_Low_omega3_index, Suboptimal_omega3_index, Optimal_omega3_index, Critically_Low_rdw, Suboptimal_Low_rdw, Optimal_rdw, Suboptimal_High_rdw, High_rdw, Critically_High_rdw, Low_transferrin_saturation, Borderline_Low_transferrin_saturation, In_Range_(Low)_transferrin_saturation, Optimal_transferrin_saturation, In_Range_(High)_transferrin_saturation, Borderline_High_transferrin_saturation, High_transferrin_saturation, Critically_Low_hba1c, Suboptimal_Low_hba1c, Optimal_hba1c, In_Range_(High)_hba1c, Prediabetes_hba1c, Diabetes_hba1c, Severe_Anemia_hematocrit_male, Mild_Anemia_hematocrit_male, In_Range_(Low)_hematocrit_male, Optimal_hematocrit_male, In_Range_(High)_hematocrit_male, High_Hct_hematocrit_male, Severe_Anemia_hematocrit_female, Mild_Anemia_hematocrit_female, In_Range_(Low)_hematocrit_female, Optimal_hematocrit_female, In_Range_(High)_hematocrit_female, High_Hct_hematocrit_female, Severe_Anemia_hct_ckd, Suboptimal_hct_ckd, Optimal_hct_ckd, In_Range_(Slightly_High)_hct_ckd, Excessively_High_hct_ckd","Excessively_Low_percent_body_fat_male, Low_percent_body_fat_male, Suboptimal_Low_percent_body_fat_male, Optimal_percent_body_fat_male, Suboptimal_High_percent_body_fat_male, High_percent_body_fat_male, Excessively_High_percent_body_fat_male, Excessively_Low_percent_body_fat_premenopausal_female, Low_percent_body_fat_premenopausal_female, Suboptimal_Low_percent_body_fat_premenopausal_female, Optimal_percent_body_fat_premenopausal_female, Suboptimal_High_percent_body_fat_premenopausal_female, High_percent_body_fat_premenopausal_female, Excessively_High_percent_body_fat_premenopausal_female, Excessively_Low_percent_body_fat_postmenopausal_female, Low_percent_body_fat_postmenopausal_female, Suboptimal_Low_percent_body_fat_postmenopausal_female, Optimal_percent_body_fat_postmenopausal_female, Suboptimal_High_percent_body_fat_postmenopausal_female, High_percent_body_fat_postmenopausal_female, Excessively_High_percent_body_fat_postmenopausal_female, Critically_Low_SMM_to_FFM_male, Low_SMM_to_FFM_male, Suboptimal_Low_SMM_to_FFM_male, Optimal_SMM_to_FFM_male, Suboptimal_High_SMM_to_FFM_male, High_SMM_to_FFM_male, Critically_High_SMM_to_FFM_male, Critically_Low_SMM_to_FFM_female, Low_SMM_to_FFM_female, Suboptimal_Low_SMM_to_FFM_female, Optimal_SMM_to_FFM_female, Suboptimal_High_SMM_to_FFM_female, High_SMM_to_FFM_female, Critically_High_SMM_to_FFM_female, Optimal_visceral_fat, Elevated_visceral_fat, High_visceral_fat","body_fat_percentage, visceral_fat_percentage","saturated_fat_percentage, screening_compliance_score"
percent_gait_cycle,Percent of Gait Cycle,% gait,percent,,,HKUnit.percent(),checked,% gait cycle,,,,
scale_1_3,Scale (1-3),(1-3),scale,,,HKUnit.count(),checked,,,,,
scale_1_5,Scale (1-5),(1-5),scale,,,HKUnit.count(),checked,,,,"stress_level, mood_level, focus_rating, sleep_environment_score, memory_clarity_rating",
scale_1_10,Scale (1-10),(1-10),scale,,,HKUnit.count(),checked,,,,,
apple_effort_score,Apple Effort Score,effort,scale,,,HKUnit.appleEffortScore(),checked,,,,,
intensity_category,Intensity Level,intensity,scale,,,HKUnit.count(),checked,Intensity Category (light/mod/heavy),,,,
positive_negative,Positive/Negative,+/-,scale,,,HKUnit.count(),checked,Positive/Negative,,,,
change_from_baseline,Change from Baseline,Δ,scale,,,HKUnit.count(),checked,Change from Baseline (Δ from baseline),,,,
male,Male,M,scale,,,HKUnit.count(),checked,Male,,,,
female,Female,F,scale,,,HKUnit.count(),checked,Female,,,,
medium,Medium,medium,scale,,,HKUnit.count(),checked,Medium,,,,
light,Light,light,scale,,,HKUnit.count(),checked,Light,,,,
heavy,Heavy,heavy,scale,,,HKUnit.count(),checked,Heavy,,,,
categorical,Categories,category,scale,,,HKUnit.count(),checked,,,,caffeine_source,"mammogram_compliance_status, colonoscopy_compliance_status, dental_compliance_status, physical_compliance_status, skin_check_compliance_status, vision_check_compliance_status, psa_compliance_status, cervical_compliance_status"
mmhg,mmHg,mmHg,pressure,,,HKUnit.millimeterOfMercury(),checked,Millimeters of Mercury (mmHg),,"Optimal_systolic_bp, Elevated_systolic_bp, Hypertension_Stage_1_systolic, Hypertension_Stage_2_systolic, Optimal_diastolic_bp, Hypertension_Stage_1_diastolic, Hypertension_Stage_2_diastolic",,
pascal,Pascals,Pa,pressure,,,HKUnit.pascal(),checked,,,,,
inches_mercury,Inches of Mercury,inHg,pressure,,,HKUnit.inchesOfMercury(),checked,,,,,
centimeter_water,Centimeters of Water,cmH2O,pressure,,,HKUnit.centimeterOfWater(),checked,,,,,
atmosphere,Atmospheres,atm,pressure,,,HKUnit.atmosphere(),checked,,,,,
meters_per_second,m/s,m/s,speed,,,HKUnit.meter().unitDivided(by: HKUnit.second()),checked,Meters per Second (m/s),,,,
miles_per_hour,mph,mph,speed,,,HKUnit.mile().unitDivided(by: HKUnit.hour()),checked,Miles/Hour (MPH),,,,
kilometers_per_hour,km/h,km/h,speed,,,HKUnit.meterUnit(with: .kilo).unitDivided(by: HKUnit.hour()),checked,,,,,
boolean,Yes/No,bool,categorical,,,HKUnit.count(),checked,Boolean,,,"healthy_fat_swap, healthy_fat_usage",
null,No Data,null,categorical,,,HKUnit.count(),checked,null,"Critically_Low_neut_lymph_ratio, Mildly_Low_neut_lymph_ratio, In_Range_(Low)_neut_lymph_ratio, Optimal_neut_lymph_ratio, In_Range_(High)_neut_lymph_ratio, Mildly_Elevated_neut_lymph_ratio, Critically_Elevated_neut_lymph_ratio, Critically_Low_homa_ir, Suboptimal_Low_homa_ir, Optimal_homa_ir, Mild_Resistance_homa_ir, Moderate_Resistance_homa_ir, Significant_Resistance_homa_ir, Diabetes_Risk_homa_ir","Excessively_Low_hip_to_waist_male, Low_hip_to_waist_male, Suboptimal_Low_hip_to_waist_male, Optimal_hip_to_waist_male, Suboptimal_High_hip_to_waist_male, High_hip_to_waist_male, Excessively_High_hip_to_waist_male, Excessively_Low_hip_to_waist_female, Low_hip_to_waist_female, Suboptimal_Low_hip_to_waist_female, Optimal_hip_to_waist_female, Suboptimal_High_hip_to_waist_female, High_hip_to_waist_female, Excessively_High_hip_to_waist_female",,
not_applicable,Not Applicable,n/a,categorical,,,HKUnit.count(),checked,n/a,,,,
tool_type,Tool Type,tool,categorical,,,HKUnit.count(),checked,Tool Type,,,,
activity_type,Activity Type,activity,categorical,,,HKUnit.count(),checked,Activity Type,,,,
game_type,Game Type,game,categorical,,,HKUnit.count(),checked,Game Type,,,,
type_of_activity,Activity Type,type,categorical,,,HKUnit.count(),checked,Type of Activity,,,,
none,None,none,categorical,,,HKUnit.count(),checked,None,,,,
text,Text,text,categorical,,,HKUnit.count(),checked,Text,,,,
decibel,Decibels,dB,measurement,,,HKUnit.decibelAWeightedSoundPressureLevel(),checked,Decibels (dB),,,,
decibel_hearing_level,dB HL,dBHL,measurement,,,HKUnit.decibelHearingLevel(),checked,,,,,
lux,Lux,lx,measurement,,,HKUnit.lux(),checked,,,,,
diopter,Diopters,dpt,angle,,,HKUnit.diopter(),checked,,,,,
prism_diopter,Prism Diopters,pd,angle,,,HKUnit.prismDiopter(),checked,,,,,
degree_angle,Degrees,deg,angle,,,HKUnit.degreeAngle(),checked,,,,,
radian_angle,Radians,rad,angle,,,HKUnit.radianAngle(),checked,,,,,
microsiemens,Microsiemens,µS,electrical,,,HKUnit.siemenUnit(with: .micro),checked,Microsiemens (µS),,,,
siemen,Siemens,S,electrical,,,HKUnit.siemen(),checked,,,,,
volt,Volts,V,electrical,,,HKUnit.volt(),checked,,,,,
millivolt,Millivolts,mV,electrical,volt,0.001,HKUnit.voltUnit(with: .milli),checked,,,,,
hertz,Hertz,Hz,frequency,,,HKUnit.hertz(),checked,,,,,
kilohertz,Kilohertz,kHz,frequency,hertz,1000,HKUnit.hertzUnit(with: .kilo),checked,,,,,
degrees_fahrenheit,°F,°F,temperature,,,HKUnit.degreeFahrenheit(),checked,Degrees Fahrenheit (°F),,,,
degrees_celsius,°C,°C,temperature,,,HKUnit.degreeCelsius(),checked,Degrees Celsius (°C),,,,
kelvin,Kelvin,K,temperature,,,HKUnit.kelvin(),checked,,,,,
be,,,,,,,,,,,,
